observation_date,SOFR90DAYAVG
2020-11-10,0.087120000000000003
2020-11-11,
2020-11-12,0.087340000000000001
2020-11-13,0.087340000000000001
2020-11-16,0.087230000000000002
2020-11-17,0.087340000000000001
2020-11-18,0.087340000000000001
2020-11-19,0.087340000000000001
2020-11-20,0.087230000000000002
2020-11-23,0.086449999999999999
2020-11-24,0.086120000000000002
2020-11-25,0.086120000000000002
2020-11-26,
2020-11-27,0.086340000000000000
2020-11-30,0.086449999999999999
2020-12-01,0.086449999999999999
2020-12-02,0.086340000000000000
2020-12-03,0.086120000000000002
2020-12-04,0.086010000000000003
2020-12-07,0.086010000000000003
2020-12-08,0.085900000000000004
2020-12-09,0.085679999999999895
2020-12-10,0.085559999999999997
2020-12-11,0.085449999999999998
2020-12-14,0.085120000000000001
2020-12-15,0.084900000000000003
2020-12-16,0.084790000000000004
2020-12-17,0.084679999999999894
2020-12-18,0.084679999999999894
2020-12-21,0.084790000000000004
2020-12-22,0.085010000000000002
2020-12-23,0.085120000000000001
2020-12-24,0.085010000000000002
2020-12-25,
2020-12-28,0.085010000000000002
2020-12-29,0.085230000000000000
2020-12-30,0.085449999999999998
2020-12-31,0.085559999999999997
2021-01-01,
2021-01-04,0.084339999999999998
2021-01-05,0.084339999999999998
2021-01-06,0.084559999999999996
2021-01-07,0.084790000000000004
2021-01-08,0.084900000000000003
2021-01-11,0.084900000000000003
2021-01-12,0.084900000000000003
2021-01-13,0.084790000000000004
2021-01-14,0.084559999999999996
2021-01-15,0.084449999999999997
2021-01-18,
2021-01-19,0.084120000000000000
2021-01-20,0.084120000000000000
2021-01-21,0.084010000000000001
2021-01-22,0.083559999999999995
2021-01-25,0.082449999999999996
2021-01-26,0.082119999999999999
2021-01-27,0.081559999999999994
2021-01-28,0.080900000000000000
2021-01-29,0.080339999999999995
2021-02-01,0.079119999999999996
2021-02-02,0.078789999999999999
2021-02-03,0.078450000000000006
2021-02-04,0.078009999999999996
2021-02-05,0.077450000000000005
2021-02-08,0.074779999999999999
2021-02-09,0.073899999999999993
2021-02-10,0.073340000000000002
2021-02-11,0.073010000000000005
2021-02-12,0.072669999999999998
2021-02-15,
2021-02-16,0.070779999999999996
2021-02-17,0.070669999999999997
2021-02-18,0.070669999999999997
2021-02-19,0.070449999999999999
2021-02-22,0.069449999999999998
2021-02-23,0.069010000000000002
2021-02-24,0.068229999999999999
2021-02-25,0.067559999999999995
2021-02-26,0.067010000000000000
2021-03-01,0.064560000000000006
2021-03-02,0.063890000000000002
2021-03-03,0.063450000000000006
2021-03-04,0.063000000000000000
2021-03-05,0.062229999999999903
2021-03-08,0.059999999999999998
2021-03-09,0.059450000000000003
2021-03-10,0.058779999999999999
2021-03-11,0.058119999999999998
2021-03-12,0.057339999999999898
2021-03-15,0.055000000000000000
2021-03-16,0.054109999999999998
2021-03-17,0.053229999999999902
2021-03-18,0.052339999999999998
2021-03-19,0.051450000000000003
2021-03-22,0.048779999999999997
2021-03-23,0.048110000000000000
2021-03-24,0.047559999999999998
2021-03-25,0.046780000000000002
2021-03-26,0.045999999999999999
2021-03-29,0.043560000000000001
2021-03-30,0.042560000000000001
2021-03-31,0.041669999999999999
2021-04-01,0.041000000000000002
2021-04-02,
2021-04-05,0.037999999999999999
2021-04-06,0.036889999999999999
2021-04-07,0.035889999999999998
2021-04-08,0.034889999999999997
2021-04-09,0.034000000000000002
2021-04-12,0.031329999999999997
2021-04-13,0.030560000000000000
2021-04-14,0.029780000000000001
2021-04-15,0.029000000000000001
2021-04-16,0.028219999999999999
2021-04-19,0.025889999999999899
2021-04-20,0.025219999999999999
2021-04-21,0.024669999999999900
2021-04-22,0.024330000000000001
2021-04-23,0.023890000000000002
2021-04-26,0.022450000000000001
2021-04-27,0.022220000000000000
2021-04-28,0.021999999999999999
2021-04-29,0.021669999999999998
2021-04-30,0.021110000000000000
2021-05-03,0.019330000000000000
2021-05-04,0.018669999999999999
2021-05-05,0.017999999999999999
2021-05-06,0.017559999999999999
2021-05-07,0.017440000000000001
2021-05-10,0.017110000000000000
2021-05-11,0.016669999999999900
2021-05-12,0.016109999999999999
2021-05-13,0.015559999999999999
2021-05-14,0.015110000000000000
2021-05-17,0.013780000000000001
2021-05-18,0.013219999999999900
2021-05-19,0.012670000000000001
2021-05-20,0.012440000000000000
2021-05-21,0.012329999999999900
2021-05-24,0.011890000000000000
2021-05-25,0.011890000000000000
2021-05-26,0.011780000000000001
2021-05-27,0.011559999999999900
2021-05-28,0.011559999999999900
2021-05-31,
2021-06-01,0.011110000000000000
2021-06-02,0.010780000000000000
2021-06-03,0.010670000000000001
2021-06-04,0.010560000000000000
2021-06-07,0.010220000000000000
2021-06-08,0.010109999999999999
2021-06-09,0.010000000000000000
2021-06-10,0.010000000000000000
2021-06-11,0.010000000000000000
2021-06-14,0.010000000000000000
2021-06-15,0.010000000000000000
2021-06-16,0.010000000000000000
2021-06-17,0.010000000000000000
2021-06-18,0.010440000000000000
2021-06-21,0.011780000000000001
2021-06-22,0.012220000000000000
2021-06-23,0.012670000000000001
2021-06-24,0.013110000000000000
2021-06-25,0.013559999999999999
2021-06-28,0.014890000000000000
2021-06-29,0.015330000000000000
2021-06-30,0.015779999999999999
2021-07-01,0.016219999999999998
2021-07-02,0.016669999999999900
2021-07-05,
2021-07-06,0.018440000000000002
2021-07-07,0.018890000000000001
2021-07-08,0.019330000000000000
2021-07-09,0.019779999999999999
2021-07-12,0.021110000000000000
2021-07-13,0.021559999999999999
2021-07-14,0.021999999999999999
2021-07-15,0.022450000000000001
2021-07-16,0.022890000000000001
2021-07-19,0.024219999999999998
2021-07-20,0.024669999999999900
2021-07-21,0.025110000000000000
2021-07-22,0.025559999999999999
2021-07-23,0.025999999999999999
2021-07-26,0.027330000000000000
2021-07-27,0.027779999999999999
2021-07-28,0.028219999999999999
2021-07-29,0.028669999999999900
2021-07-30,0.029110000000000000
2021-08-02,0.030450000000000001
2021-08-03,0.030889999999999900
2021-08-04,0.031329999999999997
2021-08-05,0.031780000000000003
2021-08-06,0.032219999999999999
2021-08-09,0.033560000000000000
2021-08-10,0.034000000000000002
2021-08-11,0.034450000000000001
2021-08-12,0.034889999999999997
2021-08-13,0.035330000000000000
2021-08-16,0.036670000000000001
2021-08-17,0.037109999999999997
2021-08-18,0.037560000000000003
2021-08-19,0.037999999999999999
2021-08-20,0.038449999999999998
2021-08-23,0.039780000000000003
2021-08-24,0.040219999999999999
2021-08-25,0.040669999999999998
2021-08-26,0.041110000000000001
2021-08-27,0.041560000000000000
2021-08-30,0.042889999999999998
2021-08-31,0.043339999999999997
2021-09-01,0.043779999999999999
2021-09-02,0.044219999999999898
2021-09-03,0.044670000000000001
2021-09-06,
2021-09-07,0.046449999999999998
2021-09-08,0.046890000000000001
2021-09-09,0.047340000000000000
2021-09-10,0.047780000000000003
2021-09-13,0.049110000000000001
2021-09-14,0.049560000000000000
2021-09-15,0.050000000000000003
2021-09-16,0.050000000000000003
2021-09-17,0.050000000000000003
2021-09-20,0.050000000000000003
2021-09-21,0.050000000000000003
2021-09-22,0.050000000000000003
2021-09-23,0.050000000000000003
2021-09-24,0.050000000000000003
2021-09-27,0.050000000000000003
2021-09-28,0.050000000000000003
2021-09-29,0.050000000000000003
2021-09-30,0.050000000000000003
2021-10-01,0.050000000000000003
2021-10-04,0.050000000000000003
2021-10-05,0.050000000000000003
2021-10-06,0.050000000000000003
2021-10-07,0.050000000000000003
2021-10-08,0.050000000000000003
2021-10-11,
2021-10-12,0.050000000000000003
2021-10-13,0.050000000000000003
2021-10-14,0.050000000000000003
2021-10-15,0.050000000000000003
2021-10-18,0.050000000000000003
2021-10-19,0.050000000000000003
2021-10-20,0.049779999999999998
2021-10-21,0.049560000000000000
2021-10-22,0.049339999999999898
2021-10-25,0.049339999999999898
2021-10-26,0.049230000000000003
2021-10-27,0.049230000000000003
2021-10-28,0.049230000000000003
2021-10-29,0.049230000000000003
2021-11-01,0.049230000000000003
2021-11-02,0.049230000000000003
2021-11-03,0.049230000000000003
2021-11-04,0.049230000000000003
2021-11-05,0.049230000000000003
2021-11-08,0.049230000000000003
2021-11-09,0.049230000000000003
2021-11-10,0.049230000000000003
2021-11-11,
2021-11-12,0.049230000000000003
2021-11-15,0.049230000000000003
2021-11-16,0.049230000000000003
2021-11-17,0.049230000000000003
2021-11-18,0.049230000000000003
2021-11-19,0.049230000000000003
2021-11-22,0.049230000000000003
2021-11-23,0.049230000000000003
2021-11-24,0.049230000000000003
2021-11-25,
2021-11-26,0.049230000000000003
2021-11-29,0.049230000000000003
2021-11-30,0.049230000000000003
2021-12-01,0.049230000000000003
2021-12-02,0.049230000000000003
2021-12-03,0.049230000000000003
2021-12-06,0.049230000000000003
2021-12-07,0.049230000000000003
2021-12-08,0.049230000000000003
2021-12-09,0.049230000000000003
2021-12-10,0.049230000000000003
2021-12-13,0.049230000000000003
2021-12-14,0.049230000000000003
2021-12-15,0.049230000000000003
2021-12-16,0.049230000000000003
2021-12-17,0.049230000000000003
2021-12-20,0.049230000000000003
2021-12-21,0.049110000000000001
2021-12-22,0.049110000000000001
2021-12-23,0.049110000000000001
2021-12-24,
2021-12-27,0.049110000000000001
2021-12-28,0.049110000000000001
2021-12-29,0.049110000000000001
2021-12-30,0.049110000000000001
2021-12-31,0.049110000000000001
2022-01-03,0.049110000000000001
2022-01-04,0.049110000000000001
2022-01-05,0.049110000000000001
2022-01-06,0.049110000000000001
2022-01-07,0.049110000000000001
2022-01-10,0.049110000000000001
2022-01-11,0.049110000000000001
2022-01-12,0.049110000000000001
2022-01-13,0.049110000000000001
2022-01-14,0.049110000000000001
2022-01-17,
2022-01-18,0.049339999999999898
2022-01-19,0.049560000000000000
2022-01-20,0.049779999999999998
2022-01-21,0.049669999999999999
2022-01-24,0.049779999999999998
2022-01-25,0.049669999999999999
2022-01-26,0.049669999999999999
2022-01-27,0.049560000000000000
2022-01-28,0.049450000000000001
2022-01-31,0.049450000000000001
2022-02-01,0.049450000000000001
2022-02-02,0.049450000000000001
2022-02-03,0.049450000000000001
2022-02-04,0.049450000000000001
2022-02-07,0.049450000000000001
2022-02-08,0.049450000000000001
2022-02-09,0.049450000000000001
2022-02-10,0.049339999999999898
2022-02-11,0.049339999999999898
2022-02-14,0.049339999999999898
2022-02-15,0.049339999999999898
2022-02-16,0.049339999999999898
2022-02-17,0.049339999999999898
2022-02-18,0.049339999999999898
2022-02-21,
2022-02-22,0.049339999999999898
2022-02-23,0.049339999999999898
2022-02-24,0.049339999999999898
2022-02-25,0.049339999999999898
2022-02-28,0.049339999999999898
2022-03-01,0.049339999999999898
2022-03-02,0.049339999999999898
2022-03-03,0.049339999999999898
2022-03-04,0.049339999999999898
2022-03-07,0.049339999999999898
2022-03-08,0.049339999999999898
2022-03-09,0.049339999999999898
2022-03-10,0.049339999999999898
2022-03-11,0.049339999999999898
2022-03-14,0.049339999999999898
2022-03-15,0.049339999999999898
2022-03-16,0.049339999999999898
2022-03-17,0.049339999999999898
2022-03-18,0.052109999999999997
2022-03-21,0.060560000000000003
2022-03-22,0.063229999999999995
2022-03-23,0.065779999999999894
2022-03-24,0.068229999999999999
2022-03-25,0.070669999999999997
2022-03-28,0.078339999999999896
2022-03-29,0.080900000000000000
2022-03-30,0.083449999999999996
2022-03-31,0.085900000000000004
2022-04-01,0.088560000000000000
2022-04-04,0.096900000000000000
2022-04-05,0.099679999999999894
2022-04-06,0.102459999999999996
2022-04-07,0.105240000000000000
2022-04-08,0.108009999999999995
2022-04-11,0.116349999999999995
2022-04-12,0.119130000000000000
2022-04-13,0.121800000000000005
2022-04-14,0.124459999999999904
2022-04-15,
2022-04-18,0.135130000000000000
2022-04-19,0.137800000000000006
2022-04-20,0.140359999999999902
2022-04-21,0.142909999999999898
2022-04-22,0.145249999999999990
2022-04-25,0.152689999999999992
2022-04-26,0.155140000000000000
2022-04-27,0.157700000000000007
2022-04-28,0.160360000000000003
2022-04-29,0.162920000000000009
2022-05-02,0.170589999999999992
2022-05-03,0.173369999999999996
2022-05-04,0.176150000000000001
2022-05-05,0.178930000000000006
2022-05-06,0.187150000000000011
2022-05-09,0.211499999999999994
2022-05-10,0.219610000000000000
2022-05-11,0.227839999999999987
2022-05-12,0.235960000000000003
2022-05-13,0.244180000000000008
2022-05-16,0.268859999999999988
2022-05-17,0.277200000000000002
2022-05-18,0.285540000000000016
2022-05-19,0.293769999999999976
2022-05-20,0.301999999999999991
2022-05-23,0.326349999999999973
2022-05-24,0.334469999999999990
2022-05-25,0.342590000000000006
2022-05-26,0.350700000000000012
2022-05-27,0.358819999999999972
2022-05-30,
2022-05-31,0.391299999999999981
2022-06-01,0.399529999999999996
2022-06-02,0.407869999999999899
2022-06-03,0.416100000000000025
2022-06-06,0.440460000000000018
2022-06-07,0.448579999999999979
2022-06-08,0.456589999999999885
2022-06-09,0.464480000000000004
2022-06-10,0.472269999999999912
2022-06-13,0.495630000000000015
2022-06-14,0.503199999999999981
2022-06-15,0.510319999999999996
2022-06-16,0.514769999999999950
2022-06-17,0.527560000000000029
2022-06-20,
2022-06-21,0.579069999999999974
2022-06-22,0.592199999999999949
2022-06-23,0.605330000000000035
2022-06-24,0.618240000000000012
2022-06-27,0.657630000000000048
2022-06-28,0.671210000000000084
2022-06-29,0.685119999999999951
2022-06-30,0.698699999999999988
2022-07-01,0.712060000000000026
2022-07-04,
2022-07-05,0.766369999999999996
2022-07-06,0.780179999999999985
2022-07-07,0.793980000000000019
2022-07-08,0.807790000000000008
2022-07-11,0.848870000000000124
2022-07-12,0.862679999999999891
2022-07-13,0.876600000000000046
2022-07-14,0.890399999999999969
2022-07-15,0.904209999999999958
2022-07-18,0.945969999999999978
2022-07-19,0.959999999999999964
2022-07-20,0.974149999999999960
2022-07-21,0.988299999999999956
2022-07-22,1.002329999999999943
2022-07-25,1.044100000000000028
2022-07-26,1.058140000000000081
2022-07-27,1.072060000000000013
2022-07-28,1.085990000000000011
2022-07-29,1.108270000000000088
2022-08-01,1.174560000000000048
2022-08-02,1.196630000000000082
2022-08-03,1.218920000000000003
2022-08-04,1.235630000000000006
2022-08-05,1.252459999999999907
2022-08-08,1.302619999999999889
2022-08-09,1.319339999999999957
2022-08-10,1.336170000000000080
2022-08-11,1.352780000000000094
2022-08-12,1.369390000000000107
2022-08-15,1.419110000000000094
2022-08-16,1.435729999999999951
2022-08-17,1.452450000000000019
2022-08-18,1.469179999999999930
2022-08-19,1.485910000000000064
2022-08-22,1.536089999999999955
2022-08-23,1.552820000000000089
2022-08-24,1.569439999999999946
2022-08-25,1.586060000000000025
2022-08-26,1.602789999999999937
2022-08-29,1.652990000000000181
2022-08-30,1.669609999999999816
2022-08-31,1.686240000000000183
2022-09-01,1.702970000000000095
2022-09-02,1.719819999999999904
2022-09-05,
2022-09-06,1.787330000000000085
2022-09-07,1.804400000000000004
2022-09-08,1.821479999999999988
2022-09-09,1.838559999999999972
2022-09-12,1.890009999999999524
2022-09-13,1.907759999999999900
2022-09-14,1.925400000000000000
2022-09-15,1.934549999999999992
2022-09-16,1.943820000000000103
2022-09-19,1.971289999999999987
2022-09-20,1.980439999999999978
2022-09-21,1.989489999999999981
2022-09-22,1.998529999999999918
2022-09-23,2.015620000000000189
2022-09-26,2.066419999999999924
2022-09-27,2.082829999999999959
2022-09-28,2.099250000000000060
2022-09-29,2.115779999999999994
2022-09-30,2.131870000000000154
2022-10-03,2.180790000000000006
2022-10-04,2.197099999999999831
2022-10-05,2.213859999999999939
2022-10-06,2.230609999999999982
2022-10-07,2.247599999999999820
2022-10-10,
2022-10-11,2.315409999999999968
2022-10-12,2.332390000000000185
2022-10-13,2.349270000000000191
2022-10-14,2.366029999999999855
2022-10-17,2.416319999999999801
2022-10-18,2.433199999999999807
2022-10-19,2.450079999999999814
2022-10-20,2.466959999999999820
2022-10-21,2.483840000000000270
2022-10-24,2.534030000000000005
2022-10-25,2.550580000000000069
2022-10-26,2.567239999999999966
2022-10-27,2.575629999999999864
2022-10-28,2.584240000000000315
2022-10-31,2.610289999999999999
2022-11-01,2.618670000000000275
2022-11-02,2.627170000000000005
2022-11-03,2.635670000000000179
2022-11-04,2.652670000000000083
2022-11-07,2.703659999999999730
2022-11-08,2.720330000000000137
2022-11-09,2.737109999999999932
2022-11-10,2.753890000000000171
2022-11-11,
2022-11-14,2.820879999999999832
2022-11-15,2.837660000000000071
2022-11-16,2.854560000000000208
2022-11-17,2.871680000000000010
2022-11-18,2.888689999999999980
2022-11-21,2.939709999999999823
2022-11-22,2.956840000000000135
2022-11-23,2.973959999999999937
2022-11-24,
2022-11-25,3.007760000000000211
2022-11-28,3.058800000000000185
2022-11-29,3.075699999999999878
2022-11-30,3.092719999999999914
2022-12-01,3.109849999999999781
2022-12-02,3.126990000000000158
2022-12-05,3.178040000000000198
2022-12-06,3.195059999999999789
2022-12-07,3.212079999999999824
2022-12-08,3.229109999999999925
2022-12-09,3.246140000000000025
2022-12-12,3.297200000000000131
2022-12-13,3.314229999999999787
2022-12-14,3.331369999999999720
2022-12-15,3.348399999999999821
2022-12-16,3.371370000000000200
2022-12-19,3.440259999999999874
2022-12-20,3.463119999999999532
2022-12-21,3.486090000000000355
2022-12-22,3.500769999999999715
2022-12-23,3.515460000000000029
2022-12-26,
2022-12-27,3.574269999999999836
2022-12-28,3.589069999999999538
2022-12-29,3.604089999999999794
2022-12-30,3.618889999999999940
2023-01-02,
2023-01-03,3.677160000000000206
2023-01-04,3.691399999999999793
2023-01-05,3.705420000000000158
2023-01-06,3.719549999999999912
2023-01-09,3.761929999999999996
2023-01-10,3.776060000000000194
2023-01-11,3.790309999999999846
2023-01-12,3.804440000000000044
2023-01-13,3.818579999999999863
2023-01-16,
2023-01-17,3.874969999999999803
2023-01-18,3.889209999999999834
2023-01-19,3.903459999999999930
2023-01-20,3.917940000000000200
2023-01-23,3.961120000000000196
2023-01-24,3.975480000000000125
2023-01-25,3.989730000000000221
2023-01-26,4.003980000000000317
2023-01-27,4.018009999999999415
2023-01-30,4.060080000000000133
2023-01-31,4.074110000000000120
2023-02-01,4.088250000000000384
2023-02-02,4.093980000000000175
2023-02-03,4.102509999999999657
2023-02-06,4.127979999999999983
2023-02-07,4.136619999999999742
2023-02-08,4.145259999999999501
2023-02-09,4.153919999999999391
2023-02-10,4.162569999999999659
2023-02-13,4.188380000000000436
2023-02-14,4.196799999999999642
2023-02-15,4.205099999999999838
2023-02-16,4.213519999999999932
2023-02-17,4.221949999999999648
2023-02-20,
2023-02-21,4.255600000000000271
2023-02-22,4.264140000000000263
2023-02-23,4.272669999999999746
2023-02-24,4.281100000000000350
2023-02-27,4.306359999999999744
2023-02-28,4.314659999999999940
2023-03-01,4.322859999999999481
2023-03-02,4.331059999999999910
2023-03-03,4.339380000000000237
2023-03-06,4.364300000000000068
2023-03-07,4.372719999999999274
2023-03-08,4.381140000000000256
2023-03-09,4.389569999999999972
2023-03-10,4.397999999999999687
2023-03-13,4.423259999999999970
2023-03-14,4.431680000000000064
2023-03-15,4.440109999999999779
2023-03-16,4.443030000000000257
2023-03-17,4.445850000000000080
2023-03-20,4.453809999999999825
2023-03-21,4.456620000000000026
2023-03-22,4.459430000000000227
2023-03-23,4.462240000000000428
2023-03-24,4.467869999999999564
2023-03-27,4.484719999999999374
2023-03-28,4.490450000000000053
2023-03-29,4.496509999999999785
2023-03-30,4.502469999999999750
2023-03-31,4.508329999999999949
2023-04-03,4.527530000000000499
2023-04-04,4.533490000000000464
2023-04-05,4.539439999999999920
2023-04-06,4.545059999999999434
2023-04-07,
2023-04-10,4.567509999999999515
2023-04-11,4.573129999999999917
2023-04-12,4.578739999999999810
2023-04-13,4.584360000000000213
2023-04-14,4.589999999999999858
2023-04-17,4.606849999999999667
2023-04-18,4.612359999999999793
2023-04-19,4.617980000000000196
2023-04-20,4.623480000000000700
2023-04-21,4.629109999999999836
2023-04-24,4.645959999999999646
2023-04-25,4.651580000000000048
2023-04-26,4.657080000000000553
2023-04-27,4.662700000000000067
2023-04-28,4.668449999999999989
2023-05-01,4.685630000000000628
2023-05-02,4.691250000000000142
2023-05-03,4.696869999999999656
2023-05-04,4.699679999999999858
2023-05-05,4.705419999999999270
2023-05-08,4.722599999999999909
2023-05-09,4.728340000000000209
2023-05-10,4.734070000000000000
2023-05-11,4.739799999999999791
2023-05-12,4.745430000000000703
2023-05-15,4.762280000000000513
2023-05-16,4.768009999999999415
2023-05-17,4.773630000000000706
2023-05-18,4.779259999999999842
2023-05-19,4.784900000000000375
2023-05-22,4.801759999999999806
2023-05-23,4.807380000000000209
2023-05-24,4.812999999999999723
2023-05-25,4.818620000000000125
2023-05-26,4.824370000000000047
2023-05-29,
2023-05-30,4.847259999999999458
2023-05-31,4.852999999999999758
2023-06-01,4.858959999999999724
2023-06-02,4.864930000000000199
2023-06-05,4.882460000000000022
2023-06-06,4.888189999999999813
2023-06-07,4.893810000000000215
2023-06-08,4.899440000000000239
2023-06-09,4.905069999999999375
2023-06-12,4.921920000000000073
2023-06-13,4.927550000000000097
2023-06-14,4.932830000000000048
2023-06-15,4.938229999999999897
2023-06-16,4.943980000000000707
2023-06-19,
2023-06-20,4.966429999999999900
2023-06-21,4.972059999999999924
2023-06-22,4.974870000000000125
2023-06-23,4.977689999999999948
2023-06-26,4.985999999999999766
2023-06-27,4.988360000000000127
2023-06-28,4.990840000000000387
2023-06-29,4.993540000000000312
2023-06-30,4.995689999999999742
2023-07-03,5.003430000000000710
2023-07-04,
2023-07-05,5.008830000000000560
2023-07-06,5.011660000000000004
2023-07-07,5.014490000000000336
2023-07-10,5.022909999999999542
2023-07-11,5.025830000000000020
2023-07-12,5.028760000000000119
2023-07-13,5.031569999999999432
2023-07-14,5.034510000000000041
2023-07-17,5.042930000000000135
2023-07-18,5.045849999999999724
2023-07-19,5.048780000000000712
2023-07-20,5.051590000000000025
2023-07-21,5.054530000000000634
2023-07-24,5.062949999999999839
2023-07-25,5.065760000000000041
2023-07-26,5.068690000000000140
2023-07-27,5.071500000000000341
2023-07-28,5.077139999999999986
2023-07-31,5.093659999999999854
2023-08-01,5.099289999999999878
2023-08-02,5.104910000000000281
2023-08-03,5.107610000000000205
2023-08-04,5.110330000000000261
2023-08-07,5.118409999999999904
2023-08-08,5.121109999999999829
2023-08-09,5.123809999999999754
2023-08-10,5.126619999999999955
2023-08-11,5.129450000000000287
2023-08-14,5.137760000000000105
2023-08-15,5.140569999999999418
2023-08-16,5.143390000000000128
2023-08-17,5.146200000000000330
2023-08-18,5.149030000000000662
2023-08-21,5.157449999999999868
2023-08-22,5.160260000000000069
2023-08-23,5.163079999999999892
2023-08-24,5.165780000000000705
2023-08-25,5.168499999999999872
2023-08-28,5.176599999999999646
2023-08-29,5.179299999999999571
2023-08-30,5.181780000000000719
2023-08-31,5.184260000000000090
2023-09-01,5.186969999999999636
2023-09-04,
2023-09-05,5.198069999999999524
2023-09-06,5.200990000000000002
2023-09-07,5.203809999999999825
2023-09-08,5.206750000000000433
2023-09-11,5.215169999999999639
2023-09-12,5.217990000000000350
2023-09-13,5.220799999999999663
2023-09-14,5.223499999999999588
2023-09-15,5.226340000000000430
2023-09-18,5.235109999999999708
2023-09-19,5.238039999999999807
2023-09-20,5.240969999999999906
2023-09-21,5.243780000000000108
2023-09-22,5.246610000000000440
2023-09-25,5.255030000000000534
2023-09-26,5.257959999999999745
2023-09-27,5.260769999999999946
2023-09-28,5.263700000000000045
2023-09-29,5.266189999999999927
2023-10-02,5.273950000000000138
2023-10-03,5.276880000000000237
2023-10-04,5.279910000000000103
2023-10-05,5.282840000000000202
2023-10-06,5.285779999999999923
2023-10-09,
2023-10-10,5.296999999999999709
2023-10-11,5.299919999999999298
2023-10-12,5.302740000000000009
2023-10-13,5.305680000000000618
2023-10-16,5.314329999999999998
2023-10-17,5.317140000000000200
2023-10-18,5.320069999999999411
2023-10-19,5.322769999999999335
2023-10-20,5.325599999999999667
2023-10-23,5.334030000000000271
2023-10-24,5.336730000000000196
2023-10-25,5.339430000000000121
2023-10-26,5.339319999999999844
2023-10-27,5.339450000000000252
2023-10-30,5.339660000000000295
2023-10-31,5.339660000000000295
2023-11-01,5.340219999999999523
2023-11-02,5.340440000000000076
2023-11-03,5.340799999999999770
2023-11-06,5.341459999999999653
2023-11-07,5.341680000000000206
2023-11-08,5.341909999999999492
2023-11-09,5.342130000000000045
2023-11-10,5.342369999999999841
2023-11-13,5.343030000000000612
2023-11-14,5.343259999999999899
2023-11-15,5.343480000000000452
2023-11-16,5.343709999999999738
2023-11-17,5.343950000000000422
2023-11-20,5.344609999999999417
2023-11-21,5.344719999999999693
2023-11-22,5.344829999999999970
2023-11-23,
2023-11-24,5.345069999999999766
2023-11-27,5.345720000000000027
2023-11-28,5.345950000000000202
2023-11-29,5.346180000000000376
2023-11-30,5.346180000000000376
2023-12-01,5.346430000000000682
2023-12-04,5.349130000000000607
2023-12-05,5.349800000000000111
2023-12-06,5.350140000000000562
2023-12-07,5.350249999999999950
2023-12-08,5.350500000000000256
2023-12-11,5.351149999999999629
2023-12-12,5.351380000000000692
2023-12-13,5.351490000000000080
2023-12-14,5.351600000000000357
2023-12-15,5.351619999999999600
2023-12-18,5.351939999999999920
2023-12-19,5.352050000000000196
2023-12-20,5.352170000000000094
2023-12-21,5.352280000000000371
2023-12-22,5.352409999999999890
2023-12-25,
2023-12-26,5.353040000000000020
2023-12-27,5.353380000000000472
2023-12-28,5.354280000000000150
2023-12-29,5.355310000000000237
2024-01-01,
2024-01-02,5.358080000000000176
2024-01-03,5.358979999999999855
2024-01-04,5.359770000000000145
2024-01-05,5.359910000000000174
2024-01-08,5.359910000000000174
2024-01-09,5.359910000000000174
2024-01-10,5.359910000000000174
2024-01-11,5.359910000000000174
2024-01-12,5.359930000000000305
2024-01-15,
2024-01-16,5.359880000000000422
2024-01-17,5.360109999999999708
2024-01-18,5.360330000000000261
2024-01-19,5.360459999999999781
2024-01-22,5.360780000000000101
2024-01-23,5.360890000000000377
2024-01-24,5.361010000000000275
2024-01-25,5.361010000000000275
2024-01-26,5.361139999999999795
2024-01-29,5.361460000000000115
2024-01-30,5.361010000000000275
2024-01-31,5.360890000000000377
2024-02-01,5.360780000000000101
2024-02-02,5.360800000000000232
2024-02-05,5.360780000000000101
2024-02-06,5.360669999999999824
2024-02-07,5.360559999999999548
2024-02-08,5.360440000000000538
2024-02-09,5.360350000000000392
2024-02-12,5.359989999999999810
2024-02-13,5.359880000000000422
2024-02-14,5.359770000000000145
2024-02-15,5.359539999999999971
2024-02-16,5.359449999999999825
2024-02-19,
2024-02-20,5.358730000000000437
2024-02-21,5.358630000000000670
2024-02-22,5.358509999999999884
2024-02-23,5.358309999999999462
2024-02-26,5.357949999999999768
2024-02-27,5.357840000000000380
2024-02-28,5.357840000000000380
2024-02-29,5.357610000000000205
2024-03-01,5.356840000000000046
2024-03-04,5.354350000000000165
2024-03-05,5.354119999999999990
2024-03-06,5.354009999999999714
2024-03-07,5.353900000000000325
2024-03-08,5.353799999999999670
2024-03-11,5.353449999999999598
2024-03-12,5.353449999999999598
2024-03-13,5.353449999999999598
2024-03-14,5.353449999999999598
2024-03-15,5.353349999999999831
2024-03-18,5.352999999999999758
2024-03-19,5.352999999999999758
2024-03-20,5.352999999999999758
2024-03-21,5.352999999999999758
2024-03-22,5.352909999999999613
2024-03-25,5.352570000000000050
2024-03-26,5.352119999999999322
2024-03-27,5.351340000000000430
2024-03-28,5.350550000000000139
2024-03-29,
2024-04-01,5.348749999999999893
2024-04-02,5.348180000000000156
2024-04-03,5.347620000000000040
2024-04-04,5.347620000000000040
2024-04-05,5.347749999999999559
2024-04-08,5.348069999999999879
2024-04-09,5.348069999999999879
2024-04-10,5.348069999999999879
2024-04-11,5.348069999999999879
2024-04-12,5.348099999999999632
2024-04-15,5.348099999999999632
2024-04-16,5.348099999999999632
2024-04-17,5.347980000000000622
2024-04-18,5.347980000000000622
2024-04-19,5.347890000000000477
2024-04-22,5.347869999999999457
2024-04-23,5.347869999999999457
2024-04-24,5.347869999999999457
2024-04-25,5.347760000000000069
2024-04-26,5.347659999999999414
2024-04-29,5.347760000000000069
2024-04-30,5.347869999999999457
2024-05-01,5.348099999999999632
2024-05-02,5.348099999999999632
2024-05-03,5.347999999999999865
2024-05-06,5.347760000000000069
2024-05-07,5.347760000000000069
2024-05-08,5.347760000000000069
2024-05-09,5.347760000000000069
2024-05-10,5.347780000000000200
2024-05-13,5.347760000000000069
2024-05-14,5.347760000000000069
2024-05-15,5.347869999999999457
2024-05-16,5.347869999999999457
2024-05-17,5.348009999999999486
2024-05-20,5.348349999999999937
2024-05-21,5.348460000000000214
2024-05-22,5.348569999999999602
2024-05-23,5.348690000000000389
2024-05-24,5.348700000000000010
2024-05-27,
2024-05-28,5.349109999999999587
2024-05-29,5.349219999999999864
2024-05-30,5.349339999999999762
2024-05-31,5.349579999999999558
2024-06-03,5.350569999999999382
2024-06-04,5.351020000000000110
2024-06-05,5.351250000000000284
2024-06-06,5.351469999999999949
2024-06-07,5.351719999999999366
2024-06-10,5.352369999999999628
2024-06-11,5.352490000000000414
2024-06-12,5.352599999999999802
2024-06-13,5.352599999999999802
2024-06-14,5.352619999999999933
2024-06-17,5.352599999999999802
2024-06-18,5.352819999999999467
2024-06-19,
2024-06-20,5.353269999999999307
2024-06-21,5.353399999999999714
2024-06-24,5.353380000000000472
2024-06-25,5.353269999999999307
2024-06-26,5.353269999999999307
2024-06-27,5.353290000000000326
2024-06-28,5.353309999999999569
2024-07-01,5.352840000000000487
2024-07-02,5.353519999999999612
2024-07-03,5.353860000000000063
2024-07-04,
2024-07-05,5.354090000000000238
2024-07-08,5.354190000000000005
2024-07-09,5.354300000000000281
2024-07-10,5.354639999999999844
2024-07-11,5.354969999999999786
2024-07-12,5.355330000000000368
2024-07-15,5.356209999999999916
2024-07-16,5.356550000000000367
2024-07-17,5.357000000000000206
2024-07-18,5.357559999999999434
2024-07-19,5.357920000000000016
2024-07-22,5.358909999999999840
2024-07-23,5.359140000000000015
2024-07-24,5.359480000000000466
2024-07-25,5.359809999999999519
2024-07-26,5.360170000000000101
2024-07-29,5.361159999999999926
2024-07-30,5.361049999999999649
2024-07-31,5.361159999999999926
2024-08-01,5.361950000000000216
2024-08-02,5.362419999999999298
2024-08-05,5.363749999999999574
2024-08-06,5.363869999999999472
2024-08-07,5.364090000000000025
2024-08-08,5.364319999999999311
2024-08-09,5.364669999999999384
2024-08-12,5.365669999999999717
2024-08-13,5.365999999999999659
2024-08-14,5.366340000000000110
2024-08-15,5.366569999999999396
2024-08-16,5.367040000000000255
2024-08-19,5.367359999999999687
2024-08-20,5.367469999999999963
2024-08-21,5.367580000000000240
2024-08-22,5.367580000000000240
2024-08-23,5.367490000000000094
2024-08-26,5.367830000000000545
2024-08-27,5.368059999999999832
2024-08-28,5.368280000000000385
2024-08-29,5.368509999999999671
2024-08-30,5.368409999999999904
2024-09-02,
2024-09-03,5.367469999999999963
2024-09-04,5.367580000000000240
2024-09-05,5.367809999999999526
2024-09-06,5.368050000000000210
2024-09-09,5.368479999999999919
2024-09-10,5.368710000000000093
2024-09-11,5.368930000000000646
2024-09-12,5.369040000000000035
2024-09-13,5.369290000000000340
2024-09-16,5.369720000000000049
2024-09-17,5.370289999999999786
2024-09-18,5.370849999999999902
2024-09-19,5.370969999999999800
2024-09-20,5.365469999999999295
2024-09-23,5.349239999999999995
2024-09-24,5.343609999999999971
2024-09-25,5.337979999999999947
2024-09-26,5.332359999999999545
2024-09-27,5.326749999999999652
2024-09-30,5.309400000000000119
2024-10-01,5.305010000000000225
2024-10-02,5.301859999999999573
2024-10-03,5.297250000000000014
2024-10-04,5.291970000000000063
2024-10-07,5.275409999999999933
2024-10-08,5.269669999999999632
2024-10-09,5.264050000000000118
2024-10-10,5.258309999999999818
2024-10-11,5.252469999999999750
2024-10-14,
2024-10-15,5.228460000000000107
2024-10-16,5.222949999999999982
2024-10-17,5.217550000000000132
2024-10-18,5.212049999999999628
2024-10-21,5.195269999999999833
2024-10-22,5.189420000000000144
2024-10-23,5.183680000000000732
2024-10-24,5.177819999999999645
2024-10-25,5.171990000000000087
2024-10-28,5.154650000000000176
2024-10-29,5.148909999999999876
2024-10-30,5.142609999999999459
2024-10-31,5.136530000000000484
2024-11-01,5.131490000000000329
2024-11-04,5.115269999999999762
2024-11-05,5.109530000000000349
2024-11-06,5.103790000000000049
2024-11-07,5.097830000000000084
2024-11-08,5.091999999999999638
2024-11-11,
2024-11-12,5.058669999999999334
2024-11-13,5.050449999999999662
2024-11-14,5.041900000000000048
2024-11-15,5.033599999999999852
2024-11-18,5.008280000000000065
2024-11-19,4.999839999999999840
2024-11-20,4.991519999999999513
2024-11-21,4.983080000000000176
2024-11-22,4.974549999999999805
2024-11-25,4.948780000000000179
2024-11-26,4.940119999999999401
2024-11-27,4.931459999999999511
2024-11-28,
2024-11-29,4.914500000000000313
2024-12-02,4.889880000000000670
2024-12-03,4.882010000000000183
2024-12-04,4.874019999999999797
2024-12-05,4.865480000000000693
2024-12-06,4.857059999999999711
2024-12-09,4.832089999999999996
2024-12-10,4.824219999999999509
2024-12-11,4.816569999999999574
2024-12-12,4.808590000000000586
2024-12-13,4.800619999999999443
2024-12-16,4.775430000000000064
2024-12-17,4.767220000000000013
2024-12-18,4.759240000000000137
2024-12-19,4.756429999999999936
2024-12-20,4.750490000000000101
2024-12-23,4.732599999999999696
2024-12-24,4.726650000000000240
2024-12-25,
2024-12-26,4.716859999999999609
2024-12-27,4.713390000000000413
2024-12-30,4.699219999999999509
2024-12-31,4.691569999999999574
2025-01-01,
2025-01-02,4.682690000000000019
2025-01-03,4.677869999999999528
2025-01-06,4.660319999999999574
2025-01-07,4.653919999999999391
2025-01-08,4.647619999999999862
2025-01-09,4.641669999999999519
2025-01-10,4.635959999999999859
2025-01-13,4.618769999999999598
2025-01-14,4.612359999999999793
2025-01-15,4.605839999999999712
2025-01-16,4.599440000000000417
2025-01-17,4.593269999999999520
2025-01-20,
2025-01-21,4.568859999999999921
2025-01-22,4.562790000000000568
2025-01-23,4.556840000000000224
2025-01-24,4.551459999999999617
2025-01-27,4.535050000000000026
2025-01-28,4.529650000000000176
2025-01-29,4.524480000000000501
2025-01-30,4.518299999999999983
2025-01-31,4.512699999999999712
2025-02-03,4.496959999999999624
2025-02-04,4.491680000000000561
2025-02-05,4.486290000000000333
2025-02-06,4.480789999999999829
2025-02-07,4.478110000000000035
2025-02-10,4.469689999999999941
2025-02-11,4.466880000000000628
2025-02-12,4.464069999999999538
2025-02-13,4.461149999999999949
2025-02-14,4.458459999999999646
2025-02-17,
2025-02-18,4.447650000000000325
2025-02-19,4.445520000000000138
2025-02-20,4.443050000000000388
2025-02-21,4.440360000000000085
2025-02-24,4.432490000000000485
2025-02-25,4.429790000000000560
2025-02-26,4.427100000000000257
2025-02-27,4.424409999999999954
2025-02-28,4.421840000000000437
2025-03-03,4.414530000000000065
2025-03-04,4.411039999999999850
2025-03-05,4.408119999999999372
2025-03-06,4.405310000000000059
2025-03-07,4.402519999999999989
2025-03-10,4.393410000000000259
2025-03-11,4.389930000000000554
2025-03-12,4.386560000000000237
2025-03-13,4.383080000000000531
2025-03-14,4.379719999999999835
2025-03-17,4.369040000000000035
2025-03-18,4.365669999999999717
2025-03-19,4.362750000000000128
2025-03-20,4.362639999999999851
2025-03-21,4.362540000000000084
2025-03-24,4.362419999999999298
2025-03-25,4.361410000000000231
2025-03-26,4.360619999999999941
2025-03-27,4.358600000000000030
2025-03-28,4.357490000000000308
2025-03-31,4.354449999999999932
2025-04-01,4.353559999999999874
2025-04-02,4.352430000000000021
2025-04-03,4.352100000000000080
2025-04-04,4.353010000000000268
2025-04-07,4.354790000000000383
2025-04-08,4.355469999999999509
2025-04-09,4.356700000000000017
2025-04-10,4.358050000000000423
2025-04-11,4.358850000000000335
2025-04-14,4.359960000000000058
2025-04-15,4.360519999999999285
2025-04-16,4.361419999999999852
2025-04-17,4.361640000000000406
2025-04-18,
2025-04-21,4.362989999999999924
2025-04-22,4.363330000000000375
2025-04-23,4.363330000000000375
2025-04-24,4.362540000000000084
2025-04-25,4.361990000000000478
2025-04-28,4.361640000000000406
2025-04-29,4.361749999999999794
2025-04-30,4.361869999999999692
2025-05-01,4.362430000000000696
2025-05-02,4.362549999999999706
2025-05-05,4.362199999999999633
2025-05-06,4.362199999999999633
2025-05-07,4.362090000000000245
2025-05-08,4.361419999999999852
2025-05-09,4.360750000000000348
2025-05-12,4.358389999999999986
2025-05-13,4.357709999999999972
2025-05-14,4.357490000000000308
2025-05-15,4.357040000000000468
2025-05-16,4.356830000000000425
2025-05-19,4.355819999999999581
2025-05-20,4.354919999999999902
2025-05-21,4.354019999999999335
2025-05-22,4.353240000000000443
2025-05-23,4.352350000000000385
2025-05-26,
2025-05-27,4.348840000000000039
2025-05-28,4.348619999999999486
2025-05-29,4.348279999999999923
2025-05-30,4.347620000000000040
2025-06-02,4.346930000000000405
2025-06-03,4.347159999999999691
2025-06-04,4.346930000000000405
2025-06-05,4.346149999999999736
2025-06-06,4.345600000000000129
2025-06-09,4.344009999999999927
2025-06-10,4.343679999999999986
2025-06-11,4.343340000000000423
2025-06-12,4.343110000000000248
2025-06-13,4.342900000000000205
2025-06-16,4.341990000000000016
2025-06-17,4.342100000000000293
2025-06-18,4.342330000000000467
2025-06-19,
2025-06-20,4.341999999999999638
2025-06-23,4.341540000000000177
2025-06-24,4.341090000000000337
2025-06-25,4.340530000000000221
2025-06-26,4.340530000000000221
2025-06-27,4.341210000000000235
2025-06-30,4.342100000000000293
2025-07-01,4.342769999999999797
2025-07-02,4.343560000000000088
2025-07-03,4.343669999999999476
2025-07-04,
2025-07-07,4.343880000000000408
2025-07-08,4.343090000000000117
2025-07-09,4.342190000000000438
2025-07-10,4.341630000000000322
2025-07-11,4.341419999999999391
2025-07-14,4.340730000000000643
2025-07-15,4.340399999999999814
2025-07-16,4.341069999999999318
2025-07-17,4.341310000000000002
2025-07-18,4.341549999999999798
2025-07-21,4.340860000000000163
2025-07-22,4.340640000000000498
2025-07-23,4.340640000000000498
2025-07-24,4.340519999999999712
2025-07-25,4.340200000000000280
2025-07-28,4.340860000000000163
2025-07-29,4.340860000000000163
2025-07-30,4.340300000000000047
2025-07-31,4.339509999999999756
2025-08-01,4.339859999999999829
2025-08-04,4.339509999999999756
2025-08-05,4.339630000000000543
2025-08-06,4.340080000000000382
2025-08-07,4.340640000000000498
2025-08-08,4.341429999999999900
2025-08-11,4.343780000000000641
2025-08-12,4.344230000000000480
2025-08-13,4.345019999999999882
2025-08-14,4.345240000000000435
2025-08-15,4.345699999999999896
2025-08-18,4.347819999999999574
2025-08-19,4.348609999999999864
2025-08-20,4.349400000000000155
2025-08-21,4.349960000000000271
2025-08-22,4.350649999999999906
2025-08-25,4.354019999999999335
2025-08-26,4.354689999999999728
2025-08-27,4.355249999999999844
2025-08-28,4.355590000000000295
2025-08-29,4.355490000000000528
2025-09-01,
2025-09-02,4.355349999999999611
2025-09-03,4.356580000000000119
2025-09-04,4.357709999999999972
2025-09-05,4.359059999999999491
2025-09-08,4.363430000000000142
2025-09-09,4.364780000000000548
2025-09-10,4.366130000000000067
2025-09-11,4.367359999999999687
2025-09-12,4.368829999999999991
2025-09-15,4.373090000000000366
2025-09-16,4.375340000000000451
2025-09-17,4.376579999999999693
2025-09-18,4.377699999999999925
2025-09-19,4.376030000000000086
2025-09-22,4.370960000000000178
2025-09-23,4.369170000000000442
2025-09-24,4.366469999999999629
2025-09-25,4.363439999999999763
2025-09-26,4.361089999999999911
2025-09-29,4.352660000000000196
2025-09-30,4.349179999999999602
2025-10-01,4.347380000000000244
2025-10-02,4.345710000000000406
2025-10-03,4.344039999999999679
2025-10-06,4.338530000000000442
2025-10-07,4.336389999999999745
2025-10-08,4.334369999999999834
2025-10-09,4.332239999999999647
2025-10-10,4.330230000000000246
2025-10-13,
2025-10-14,4.322119999999999962
2025-10-15,4.320429999999999993
2025-10-16,4.319869999999999877
2025-10-17,4.319880000000000386
2025-10-20,4.316049999999999720
2025-10-21,4.314709999999999823
2025-10-22,4.314140000000000086
2025-10-23,4.313130000000000130
2025-10-24,4.311799999999999855
2025-10-27,4.307739999999999903
2025-10-28,4.306729999999999947
2025-10-29,4.306619999999999671
2025-10-30,4.305270000000000152
2025-10-31,4.301919999999999966
2025-11-03,4.297979999999999912
2025-11-04,4.295620000000000438
2025-11-05,4.291800000000000281
2025-11-06,4.286859999999999893
2025-11-07,4.282040000000000290
2025-11-10,4.267999999999999794
