observation_date,CBETHUSD
2020-11-10,451.22
2020-11-11,464.14
2020-11-12,463.22
2020-11-13,478.00
2020-11-14,460.87
2020-11-15,447.73
2020-11-16,460.51
2020-11-17,482.53
2020-11-18,480.45
2020-11-19,471.97
2020-11-20,510.70
2020-11-21,553.53
2020-11-22,563.56
2020-11-23,609.76
2020-11-24,605.66
2020-11-25,567.07
2020-11-26,520.91
2020-11-27,519.86
2020-11-28,537.74
2020-11-29,579.64
2020-11-30,616.36
2020-12-01,585.07
2020-12-02,597.47
2020-12-03,615.29
2020-12-04,568.64
2020-12-05,598.96
2020-12-06,602.58
2020-12-07,590.92
2020-12-08,554.79
2020-12-09,574.49
2020-12-10,559.93
2020-12-11,544.55
2020-12-12,568.50
2020-12-13,589.53
2020-12-14,586.83
2020-12-15,589.23
2020-12-16,638.58
2020-12-17,643.96
2020-12-18,655.27
2020-12-19,658.35
2020-12-20,637.29
2020-12-21,609.17
2020-12-22,638.18
2020-12-23,583.42
2020-12-24,613.16
2020-12-25,627.64
2020-12-26,638.39
2020-12-27,688.68
2020-12-28,731.48
2020-12-29,734.81
2020-12-30,754.45
2020-12-31,738.90
2021-01-01,731.00
2021-01-02,775.62
2021-01-03,986.49
2021-01-04,1050.00
2021-01-05,1111.00
2021-01-06,1219.00
2021-01-07,1231.40
2021-01-08,1223.44
2021-01-09,1287.91
2021-01-10,1258.38
2021-01-11,1089.91
2021-01-12,1045.38
2021-01-13,1134.36
2021-01-14,1235.68
2021-01-15,1173.82
2021-01-16,1224.78
2021-01-17,1236.89
2021-01-18,1266.85
2021-01-19,1358.33
2021-01-20,1383.19
2021-01-21,1110.00
2021-01-22,1228.87
2021-01-23,1233.49
2021-01-24,1391.26
2021-01-25,1310.00
2021-01-26,1373.71
2021-01-27,1246.09
2021-01-28,1332.34
2021-01-29,1383.59
2021-01-30,1378.09
2021-01-31,1309.43
2021-02-01,1376.22
2021-02-02,1517.58
2021-02-03,1673.00
2021-02-04,1606.46
2021-02-05,1724.16
2021-02-06,1678.22
2021-02-07,1614.32
2021-02-08,1758.15
2021-02-09,1777.00
2021-02-10,1744.45
2021-02-11,1791.03
2021-02-12,1851.51
2021-02-13,1818.98
2021-02-14,1804.50
2021-02-15,1783.72
2021-02-16,1785.58
2021-02-17,1854.43
2021-02-18,1942.91
2021-02-19,1960.51
2021-02-20,1914.61
2021-02-21,1937.39
2021-02-22,1779.68
2021-02-23,1580.08
2021-02-24,1629.92
2021-02-25,1483.45
2021-02-26,1446.19
2021-02-27,1452.67
2021-02-28,1427.57
2021-03-01,1572.90
2021-03-02,1485.04
2021-03-03,1563.62
2021-03-04,1540.86
2021-03-05,1534.82
2021-03-06,1654.99
2021-03-07,1730.49
2021-03-08,1839.01
2021-03-09,1876.53
2021-03-10,1795.80
2021-03-11,1831.75
2021-03-12,1765.73
2021-03-13,1918.57
2021-03-14,1855.27
2021-03-15,1791.69
2021-03-16,1812.00
2021-03-17,1829.11
2021-03-18,1774.05
2021-03-19,1808.86
2021-03-20,1801.16
2021-03-21,1786.96
2021-03-22,1683.33
2021-03-23,1665.50
2021-03-24,1580.49
2021-03-25,1590.44
2021-03-26,1708.04
2021-03-27,1716.62
2021-03-28,1686.06
2021-03-29,1822.18
2021-03-30,1843.23
2021-03-31,1931.27
2021-04-01,1967.80
2021-04-02,2136.43
2021-04-03,2001.48
2021-04-04,2078.46
2021-04-05,2114.00
2021-04-06,2114.08
2021-04-07,1967.50
2021-04-08,2078.71
2021-04-09,2066.74
2021-04-10,2141.08
2021-04-11,2155.59
2021-04-12,2143.02
2021-04-13,2302.16
2021-04-14,2441.82
2021-04-15,2523.57
2021-04-16,2435.91
2021-04-17,2326.18
2021-04-18,2250.23
2021-04-19,2174.98
2021-04-20,2340.30
2021-04-21,2366.63
2021-04-22,2400.67
2021-04-23,2369.20
2021-04-24,2223.06
2021-04-25,2325.68
2021-04-26,2534.84
2021-04-27,2671.82
2021-04-28,2750.99
2021-04-29,2759.45
2021-04-30,2774.28
2021-05-01,2949.25
2021-05-02,2954.69
2021-05-03,3443.20
2021-05-04,3234.14
2021-05-05,3530.78
2021-05-06,3498.91
2021-05-07,3484.32
2021-05-08,3914.68
2021-05-09,3927.47
2021-05-10,3946.96
2021-05-11,4172.50
2021-05-12,3800.24
2021-05-13,3708.95
2021-05-14,4075.00
2021-05-15,3661.78
2021-05-16,3585.00
2021-05-17,3303.64
2021-05-18,3384.53
2021-05-19,2498.21
2021-05-20,2781.18
2021-05-21,2441.27
2021-05-22,2289.32
2021-05-23,2115.75
2021-05-24,2635.60
2021-05-25,2719.56
2021-05-26,2883.30
2021-05-27,2736.07
2021-05-28,2408.55
2021-05-29,2284.03
2021-05-30,2373.63
2021-05-31,2693.13
2021-06-01,2642.80
2021-06-02,2697.54
2021-06-03,2852.47
2021-06-04,2700.28
2021-06-05,2632.46
2021-06-06,2718.68
2021-06-07,2607.99
2021-06-08,2517.31
2021-06-09,2605.45
2021-06-10,2471.75
2021-06-11,2352.62
2021-06-12,2375.04
2021-06-13,2515.99
2021-06-14,2583.31
2021-06-15,2540.95
2021-06-16,2371.48
2021-06-17,2369.15
2021-06-18,2232.12
2021-06-19,2165.28
2021-06-20,2252.06
2021-06-21,1893.57
2021-06-22,1880.01
2021-06-23,1967.68
2021-06-24,1992.53
2021-06-25,1816.76
2021-06-26,1827.90
2021-06-27,1972.13
2021-06-28,2086.88
2021-06-29,2166.79
2021-06-30,2271.51
2021-07-01,2109.49
2021-07-02,2159.59
2021-07-03,2225.09
2021-07-04,2317.36
2021-07-05,2196.72
2021-07-06,2318.88
2021-07-07,2312.00
2021-07-08,2120.00
2021-07-09,2144.22
2021-07-10,2115.97
2021-07-11,2139.11
2021-07-12,2031.89
2021-07-13,1942.31
2021-07-14,1994.55
2021-07-15,1922.22
2021-07-16,1877.15
2021-07-17,1897.62
2021-07-18,1888.60
2021-07-19,1819.01
2021-07-20,1787.57
2021-07-21,1993.44
2021-07-22,2027.56
2021-07-23,2125.21
2021-07-24,2186.55
2021-07-25,2185.75
2021-07-26,2230.62
2021-07-27,2295.42
2021-07-28,2300.69
2021-07-29,2386.87
2021-07-30,2455.93
2021-07-31,2533.76
2021-08-01,2549.86
2021-08-02,2604.15
2021-08-03,2512.23
2021-08-04,2727.90
2021-08-05,2828.09
2021-08-06,2887.26
2021-08-07,3151.21
2021-08-08,3019.56
2021-08-09,3157.59
2021-08-10,3142.57
2021-08-11,3154.69
2021-08-12,3048.33
2021-08-13,3319.61
2021-08-14,3267.55
2021-08-15,3317.24
2021-08-16,3146.98
2021-08-17,3017.66
2021-08-18,3019.48
2021-08-19,3184.22
2021-08-20,3282.72
2021-08-21,3228.10
2021-08-22,3243.00
2021-08-23,3325.85
2021-08-24,3178.50
2021-08-25,3227.18
2021-08-26,3083.02
2021-08-27,3275.77
2021-08-28,3248.86
2021-08-29,3226.57
2021-08-30,3222.83
2021-08-31,3418.48
2021-09-01,3825.37
2021-09-02,3791.12
2021-09-03,3934.62
2021-09-04,3888.44
2021-09-05,3949.59
2021-09-06,3927.68
2021-09-07,3447.17
2021-09-08,3497.79
2021-09-09,3426.51
2021-09-10,3213.69
2021-09-11,3261.38
2021-09-12,3400.11
2021-09-13,3285.98
2021-09-14,3438.91
2021-09-15,3614.91
2021-09-16,3569.98
2021-09-17,3401.91
2021-09-18,3433.84
2021-09-19,3335.35
2021-09-20,2972.12
2021-09-21,2760.37
2021-09-22,3074.42
2021-09-23,3154.94
2021-09-24,2928.07
2021-09-25,2921.68
2021-09-26,3057.84
2021-09-27,2924.28
2021-09-28,2807.41
2021-09-29,2848.92
2021-09-30,2999.89
2021-10-01,3311.46
2021-10-02,3395.27
2021-10-03,3416.92
2021-10-04,3385.32
2021-10-05,3515.66
2021-10-06,3573.84
2021-10-07,3591.70
2021-10-08,3563.27
2021-10-09,3571.70
2021-10-10,3414.00
2021-10-11,3540.34
2021-10-12,3490.47
2021-10-13,3610.86
2021-10-14,3792.20
2021-10-15,3868.72
2021-10-16,3825.32
2021-10-17,3854.37
2021-10-18,3748.31
2021-10-19,3887.87
2021-10-20,4161.88
2021-10-21,4054.46
2021-10-22,3971.27
2021-10-23,4172.78
2021-10-24,4089.07
2021-10-25,4223.76
2021-10-26,4132.98
2021-10-27,3932.68
2021-10-28,4289.52
2021-10-29,4426.66
2021-10-30,4328.81
2021-10-31,4293.97
2021-11-01,4324.21
2021-11-02,4598.00
2021-11-03,4605.60
2021-11-04,4538.27
2021-11-05,4475.88
2021-11-06,4520.32
2021-11-07,4620.81
2021-11-08,4805.95
2021-11-09,4734.07
2021-11-10,4627.14
2021-11-11,4720.32
2021-11-12,4668.34
2021-11-13,4640.01
2021-11-14,4633.47
2021-11-15,4555.68
2021-11-16,4214.97
2021-11-17,4289.42
2021-11-18,4009.87
2021-11-19,4303.60
2021-11-20,4416.39
2021-11-21,4265.87
2021-11-22,4082.89
2021-11-23,4342.22
2021-11-24,4274.40
2021-11-25,4533.83
2021-11-26,4053.42
2021-11-27,4090.52
2021-11-28,4306.50
2021-11-29,4449.06
2021-11-30,4622.21
2021-12-01,4589.23
2021-12-02,4518.77
2021-12-03,4209.81
2021-12-04,4131.71
2021-12-05,4209.15
2021-12-06,4360.90
2021-12-07,4317.13
2021-12-08,4443.00
2021-12-09,4120.72
2021-12-10,3906.03
2021-12-11,4088.79
2021-12-12,4129.63
2021-12-13,3778.54
2021-12-14,3858.81
2021-12-15,4027.77
2021-12-16,3957.69
2021-12-17,3884.87
2021-12-18,3957.20
2021-12-19,3929.81
2021-12-20,3960.90
2021-12-21,4021.41
2021-12-22,3986.37
2021-12-23,4114.83
2021-12-24,4045.15
2021-12-25,4093.56
2021-12-26,4069.53
2021-12-27,4031.49
2021-12-28,3797.94
2021-12-29,3636.97
2021-12-30,3706.97
2021-12-31,3683.47
2022-01-01,3767.30
2022-01-02,3825.69
2022-01-03,3772.86
2022-01-04,3787.96
2022-01-05,3535.85
2022-01-06,3414.52
2022-01-07,3205.81
2022-01-08,3078.22
2022-01-09,3147.70
2022-01-10,3086.95
2022-01-11,3245.06
2022-01-12,3371.01
2022-01-13,3243.46
2022-01-14,3318.23
2022-01-15,3326.77
2022-01-16,3353.92
2022-01-17,3214.95
2022-01-18,3167.32
2022-01-19,3092.91
2022-01-20,3003.69
2022-01-21,2579.94
2022-01-22,2410.82
2022-01-23,2536.65
2022-01-24,2438.98
2022-01-25,2457.06
2022-01-26,2460.65
2022-01-27,2423.04
2022-01-28,2544.13
2022-01-29,2601.49
2022-01-30,2604.74
2022-01-31,2685.40
2022-02-01,2791.84
2022-02-02,2682.79
2022-02-03,2692.02
2022-02-04,2991.52
2022-02-05,3020.24
2022-02-06,3063.94
2022-02-07,3147.36
2022-02-08,3123.68
2022-02-09,3248.40
2022-02-10,3070.27
2022-02-11,2923.61
2022-02-12,2916.95
2022-02-13,2878.58
2022-02-14,2932.01
2022-02-15,3179.37
2022-02-16,3126.97
2022-02-17,2897.94
2022-02-18,2779.72
2022-02-19,2761.28
2022-02-20,2624.57
2022-02-21,2576.05
2022-02-22,2639.60
2022-02-23,2575.19
2022-02-24,2601.52
2022-02-25,2769.95
2022-02-26,2782.71
2022-02-27,2615.92
2022-02-28,2922.52
2022-03-01,2973.53
2022-03-02,2943.20
2022-03-03,2830.06
2022-03-04,2623.22
2022-03-05,2664.23
2022-03-06,2552.95
2022-03-07,2492.39
2022-03-08,2575.93
2022-03-09,2729.78
2022-03-10,2610.77
2022-03-11,2553.78
2022-03-12,2566.82
2022-03-13,2514.32
2022-03-14,2590.58
2022-03-15,2623.84
2022-03-16,2773.76
2022-03-17,2815.39
2022-03-18,2939.44
2022-03-19,2951.22
2022-03-20,2861.42
2022-03-21,2891.29
2022-03-22,2968.32
2022-03-23,3039.17
2022-03-24,3108.99
2022-03-25,3105.64
2022-03-26,3148.53
2022-03-27,3290.57
2022-03-28,3339.94
2022-03-29,3400.05
2022-03-30,3380.97
2022-03-31,3281.25
2022-04-01,3450.72
2022-04-02,3449.80
2022-04-03,3520.05
2022-04-04,3517.62
2022-04-05,3399.15
2022-04-06,3172.23
2022-04-07,3227.08
2022-04-08,3195.30
2022-04-09,3262.31
2022-04-10,3204.92
2022-04-11,2985.91
2022-04-12,3030.79
2022-04-13,3117.13
2022-04-14,3018.44
2022-04-15,3043.30
2022-04-16,3059.46
2022-04-17,2987.16
2022-04-18,3057.72
2022-04-19,3098.58
2022-04-20,3075.06
2022-04-21,2984.26
2022-04-22,2960.49
2022-04-23,2932.77
2022-04-24,2925.70
2022-04-25,3010.19
2022-04-26,2810.32
2022-04-27,2883.70
2022-04-28,2936.87
2022-04-29,2817.14
2022-04-30,2728.16
2022-05-01,2828.17
2022-05-02,2854.79
2022-05-03,2779.99
2022-05-04,2939.84
2022-05-05,2745.11
2022-05-06,2694.25
2022-05-07,2636.53
2022-05-08,2522.93
2022-05-09,2236.68
2022-05-10,2339.47
2022-05-11,2079.77
2022-05-12,1961.10
2022-05-13,2011.55
2022-05-14,2053.09
2022-05-15,2138.05
2022-05-16,2021.08
2022-05-17,2087.26
2022-05-18,1919.15
2022-05-19,2017.92
2022-05-20,1955.22
2022-05-21,1974.19
2022-05-22,2037.42
2022-05-23,1972.79
2022-05-24,1975.86
2022-05-25,1940.21
2022-05-26,1790.82
2022-05-27,1726.53
2022-05-28,1790.18
2022-05-29,1810.00
2022-05-30,1995.37
2022-05-31,1941.45
2022-06-01,1815.98
2022-06-02,1832.03
2022-06-03,1775.49
2022-06-04,1803.95
2022-06-05,1805.59
2022-06-06,1856.85
2022-06-07,1810.96
2022-06-08,1792.86
2022-06-09,1786.12
2022-06-10,1660.50
2022-06-11,1529.35
2022-06-12,1439.38
2022-06-13,1202.01
2022-06-14,1208.25
2022-06-15,1236.47
2022-06-16,1064.91
2022-06-17,1082.01
2022-06-18,996.44
2022-06-19,1126.05
2022-06-20,1125.59
2022-06-21,1123.72
2022-06-22,1050.99
2022-06-23,1145.77
2022-06-24,1222.92
2022-06-25,1240.99
2022-06-26,1196.82
2022-06-27,1190.69
2022-06-28,1142.71
2022-06-29,1098.29
2022-06-30,1065.24
2022-07-01,1059.50
2022-07-02,1065.00
2022-07-03,1072.36
2022-07-04,1150.18
2022-07-05,1132.35
2022-07-06,1187.07
2022-07-07,1238.93
2022-07-08,1212.87
2022-07-09,1216.39
2022-07-10,1166.05
2022-07-11,1095.16
2022-07-12,1038.29
2022-07-13,1112.89
2022-07-14,1192.69
2022-07-15,1231.64
2022-07-16,1356.78
2022-07-17,1336.70
2022-07-18,1574.77
2022-07-19,1544.26
2022-07-20,1522.13
2022-07-21,1574.49
2022-07-22,1536.93
2022-07-23,1550.32
2022-07-24,1599.96
2022-07-25,1436.40
2022-07-26,1454.91
2022-07-27,1637.18
2022-07-28,1727.16
2022-07-29,1726.67
2022-07-30,1697.81
2022-07-31,1676.93
2022-08-01,1629.76
2022-08-02,1633.14
2022-08-03,1618.20
2022-08-04,1607.87
2022-08-05,1734.80
2022-08-06,1691.20
2022-08-07,1700.46
2022-08-08,1778.85
2022-08-09,1701.56
2022-08-10,1854.17
2022-08-11,1882.45
2022-08-12,1957.98
2022-08-13,1982.92
2022-08-14,1935.30
2022-08-15,1897.46
2022-08-16,1878.12
2022-08-17,1835.35
2022-08-18,1844.48
2022-08-19,1610.61
2022-08-20,1577.16
2022-08-21,1618.70
2022-08-22,1624.45
2022-08-23,1666.04
2022-08-24,1656.07
2022-08-25,1692.56
2022-08-26,1505.42
2022-08-27,1490.52
2022-08-28,1429.34
2022-08-29,1551.92
2022-08-30,1527.89
2022-08-31,1552.80
2022-09-01,1583.83
2022-09-02,1573.69
2022-09-03,1556.86
2022-09-04,1579.69
2022-09-05,1619.47
2022-09-06,1557.52
2022-09-07,1630.67
2022-09-08,1633.78
2022-09-09,1717.27
2022-09-10,1777.06
2022-09-11,1763.22
2022-09-12,1717.77
2022-09-13,1573.07
2022-09-14,1632.21
2022-09-15,1472.63
2022-09-16,1431.89
2022-09-17,1468.55
2022-09-18,1335.14
2022-09-19,1378.58
2022-09-20,1321.44
2022-09-21,1248.59
2022-09-22,1326.17
2022-09-23,1328.44
2022-09-24,1318.87
2022-09-25,1293.64
2022-09-26,1336.26
2022-09-27,1329.78
2022-09-28,1337.53
2022-09-29,1336.26
2022-09-30,1328.10
2022-10-01,1310.97
2022-10-02,1277.03
2022-10-03,1323.81
2022-10-04,1362.86
2022-10-05,1351.97
2022-10-06,1351.95
2022-10-07,1330.73
2022-10-08,1314.59
2022-10-09,1323.12
2022-10-10,1286.98
2022-10-11,1280.22
2022-10-12,1294.31
2022-10-13,1287.05
2022-10-14,1297.11
2022-10-15,1274.90
2022-10-16,1306.57
2022-10-17,1333.22
2022-10-18,1312.02
2022-10-19,1284.58
2022-10-20,1282.01
2022-10-21,1300.60
2022-10-22,1314.51
2022-10-23,1364.02
2022-10-24,1344.80
2022-10-25,1462.66
2022-10-26,1565.42
2022-10-27,1512.61
2022-10-28,1554.40
2022-10-29,1621.33
2022-10-30,1590.88
2022-10-31,1571.04
2022-11-01,1578.66
2022-11-02,1518.60
2022-11-03,1530.84
2022-11-04,1645.19
2022-11-05,1626.00
2022-11-06,1569.22
2022-11-07,1567.14
2022-11-08,1335.62
2022-11-09,1096.07
2022-11-10,1295.67
2022-11-11,1283.33
2022-11-12,1254.84
2022-11-13,1218.95
2022-11-14,1240.85
2022-11-15,1250.85
2022-11-16,1216.25
2022-11-17,1198.76
2022-11-18,1210.85
2022-11-19,1215.85
2022-11-20,1141.90
2022-11-21,1105.29
2022-11-22,1138.67
2022-11-23,1184.85
2022-11-24,1202.32
2022-11-25,1198.74
2022-11-26,1205.28
2022-11-27,1193.72
2022-11-28,1166.69
2022-11-29,1216.23
2022-11-30,1295.80
2022-12-01,1276.41
2022-12-02,1296.17
2022-12-03,1240.35
2022-12-04,1278.91
2022-12-05,1259.40
2022-12-06,1271.66
2022-12-07,1232.16
2022-12-08,1280.26
2022-12-09,1263.01
2022-12-10,1266.56
2022-12-11,1262.33
2022-12-12,1275.68
2022-12-13,1319.67
2022-12-14,1307.98
2022-12-15,1266.21
2022-12-16,1166.54
2022-12-17,1188.03
2022-12-18,1184.23
2022-12-19,1168.55
2022-12-20,1216.63
2022-12-21,1213.55
2022-12-22,1217.83
2022-12-23,1219.90
2022-12-24,1220.29
2022-12-25,1218.80
2022-12-26,1231.13
2022-12-27,1210.94
2022-12-28,1189.79
2022-12-29,1199.62
2022-12-30,1199.31
2022-12-31,1195.27
2023-01-01,1200.29
2023-01-02,1213.70
2023-01-03,1214.51
2023-01-04,1256.53
2023-01-05,1251.16
2023-01-06,1268.72
2023-01-07,1264.07
2023-01-08,1289.01
2023-01-09,1320.05
2023-01-10,1335.68
2023-01-11,1387.99
2023-01-12,1415.99
2023-01-13,1450.40
2023-01-14,1549.84
2023-01-15,1552.78
2023-01-16,1575.55
2023-01-17,1567.23
2023-01-18,1513.87
2023-01-19,1550.85
2023-01-20,1658.92
2023-01-21,1625.70
2023-01-22,1627.79
2023-01-23,1626.26
2023-01-24,1554.26
2023-01-25,1612.83
2023-01-26,1602.07
2023-01-27,1597.80
2023-01-28,1572.78
2023-01-29,1644.20
2023-01-30,1566.01
2023-01-31,1585.92
2023-02-01,1643.57
2023-02-02,1645.42
2023-02-03,1663.67
2023-02-04,1665.36
2023-02-05,1629.63
2023-02-06,1613.52
2023-02-07,1672.78
2023-02-08,1650.96
2023-02-09,1545.33
2023-02-10,1513.90
2023-02-11,1538.26
2023-02-12,1514.41
2023-02-13,1506.71
2023-02-14,1557.20
2023-02-15,1675.52
2023-02-16,1636.17
2023-02-17,1693.89
2023-02-18,1691.22
2023-02-19,1680.92
2023-02-20,1703.34
2023-02-21,1659.19
2023-02-22,1643.17
2023-02-23,1649.70
2023-02-24,1607.79
2023-02-25,1593.96
2023-02-26,1640.67
2023-02-27,1633.29
2023-02-28,1605.79
2023-03-01,1665.29
2023-03-02,1648.05
2023-03-03,1568.79
2023-03-04,1566.63
2023-03-05,1564.34
2023-03-06,1566.10
2023-03-07,1562.02
2023-03-08,1533.56
2023-03-09,1435.90
2023-03-10,1431.96
2023-03-11,1482.60
2023-03-12,1593.93
2023-03-13,1682.46
2023-03-14,1706.20
2023-03-15,1656.16
2023-03-16,1677.03
2023-03-17,1792.54
2023-03-18,1764.69
2023-03-19,1786.72
2023-03-20,1738.65
2023-03-21,1807.14
2023-03-22,1739.37
2023-03-23,1817.86
2023-03-24,1752.23
2023-03-25,1743.27
2023-03-26,1776.01
2023-03-27,1716.32
2023-03-28,1773.71
2023-03-29,1793.85
2023-03-30,1794.81
2023-03-31,1823.00
2023-04-01,1821.68
2023-04-02,1795.10
2023-04-03,1811.49
2023-04-04,1871.41
2023-04-05,1910.39
2023-04-06,1873.51
2023-04-07,1864.71
2023-04-08,1850.01
2023-04-09,1858.23
2023-04-10,1911.04
2023-04-11,1892.19
2023-04-12,1918.83
2023-04-13,2013.73
2023-04-14,2101.94
2023-04-15,2091.49
2023-04-16,2120.21
2023-04-17,2075.52
2023-04-18,2103.77
2023-04-19,1935.20
2023-04-20,1942.61
2023-04-21,1848.69
2023-04-22,1873.92
2023-04-23,1862.07
2023-04-24,1841.93
2023-04-25,1866.47
2023-04-26,1864.11
2023-04-27,1909.45
2023-04-28,1892.88
2023-04-29,1908.59
2023-04-30,1871.46
2023-05-01,1830.65
2023-05-02,1870.92
2023-05-03,1905.92
2023-05-04,1878.01
2023-05-05,1996.22
2023-05-06,1900.72
2023-05-07,1867.47
2023-05-08,1848.33
2023-05-09,1847.74
2023-05-10,1841.44
2023-05-11,1796.79
2023-05-12,1808.21
2023-05-13,1795.63
2023-05-14,1800.06
2023-05-15,1818.18
2023-05-16,1823.97
2023-05-17,1823.06
2023-05-18,1800.90
2023-05-19,1812.62
2023-05-20,1820.33
2023-05-21,1805.15
2023-05-22,1818.27
2023-05-23,1853.61
2023-05-24,1799.68
2023-05-25,1806.35
2023-05-26,1829.04
2023-05-27,1830.76
2023-05-28,1911.21
2023-05-29,1893.72
2023-05-30,1900.60
2023-05-31,1874.98
2023-06-01,1862.36
2023-06-02,1907.88
2023-06-03,1892.29
2023-06-04,1888.88
2023-06-05,1811.53
2023-06-06,1884.90
2023-06-07,1832.64
2023-06-08,1846.48
2023-06-09,1840.02
2023-06-10,1750.64
2023-06-11,1753.29
2023-06-12,1742.48
2023-06-13,1739.12
2023-06-14,1649.96
2023-06-15,1663.86
2023-06-16,1717.96
2023-06-17,1727.17
2023-06-18,1719.86
2023-06-19,1736.10
2023-06-20,1791.33
2023-06-21,1890.00
2023-06-22,1872.12
2023-06-23,1892.67
2023-06-24,1877.00
2023-06-25,1899.92
2023-06-26,1858.93
2023-06-27,1889.65
2023-06-28,1829.17
2023-06-29,1851.72
2023-06-30,1935.13
2023-07-01,1924.04
2023-07-02,1937.76
2023-07-03,1954.62
2023-07-04,1936.35
2023-07-05,1909.24
2023-07-06,1848.53
2023-07-07,1868.89
2023-07-08,1866.08
2023-07-09,1862.93
2023-07-10,1881.14
2023-07-11,1879.56
2023-07-12,1871.69
2023-07-13,2005.66
2023-07-14,1938.54
2023-07-15,1931.91
2023-07-16,1921.93
2023-07-17,1912.43
2023-07-18,1898.01
2023-07-19,1889.91
2023-07-20,1891.74
2023-07-21,1891.93
2023-07-22,1866.86
2023-07-23,1888.50
2023-07-24,1849.46
2023-07-25,1856.82
2023-07-26,1871.97
2023-07-27,1860.68
2023-07-28,1873.83
2023-07-29,1880.99
2023-07-30,1861.16
2023-07-31,1855.83
2023-08-01,1872.87
2023-08-02,1838.54
2023-08-03,1834.21
2023-08-04,1827.04
2023-08-05,1834.56
2023-08-06,1827.22
2023-08-07,1826.49
2023-08-08,1855.88
2023-08-09,1853.91
2023-08-10,1850.28
2023-08-11,1847.14
2023-08-12,1849.08
2023-08-13,1838.28
2023-08-14,1843.53
2023-08-15,1826.68
2023-08-16,1805.91
2023-08-17,1680.02
2023-08-18,1660.85
2023-08-19,1669.58
2023-08-20,1685.24
2023-08-21,1667.65
2023-08-22,1634.24
2023-08-23,1679.35
2023-08-24,1660.85
2023-08-25,1652.87
2023-08-26,1646.08
2023-08-27,1657.07
2023-08-28,1652.50
2023-08-29,1729.26
2023-08-30,1704.94
2023-08-31,1645.28
2023-09-01,1628.83
2023-09-02,1636.83
2023-09-03,1635.71
2023-09-04,1628.85
2023-09-05,1633.25
2023-09-06,1632.05
2023-09-07,1646.92
2023-09-08,1636.26
2023-09-09,1635.33
2023-09-10,1617.32
2023-09-11,1551.36
2023-09-12,1593.34
2023-09-13,1607.52
2023-09-14,1626.97
2023-09-15,1642.53
2023-09-16,1634.86
2023-09-17,1623.06
2023-09-18,1637.09
2023-09-19,1642.82
2023-09-20,1622.00
2023-09-21,1584.04
2023-09-22,1593.22
2023-09-23,1593.86
2023-09-24,1580.56
2023-09-25,1587.90
2023-09-26,1592.46
2023-09-27,1596.96
2023-09-28,1653.08
2023-09-29,1666.74
2023-09-30,1670.66
2023-10-01,1733.59
2023-10-02,1663.11
2023-10-03,1657.34
2023-10-04,1646.37
2023-10-05,1612.30
2023-10-06,1646.04
2023-10-07,1634.41
2023-10-08,1634.09
2023-10-09,1579.69
2023-10-10,1567.45
2023-10-11,1565.08
2023-10-12,1539.26
2023-10-13,1551.48
2023-10-14,1555.46
2023-10-15,1557.10
2023-10-16,1600.62
2023-10-17,1565.57
2023-10-18,1562.14
2023-10-19,1567.78
2023-10-20,1605.03
2023-10-21,1629.55
2023-10-22,1663.57
2023-10-23,1766.77
2023-10-24,1784.81
2023-10-25,1787.24
2023-10-26,1803.20
2023-10-27,1779.85
2023-10-28,1775.58
2023-10-29,1796.47
2023-10-30,1809.43
2023-10-31,1815.73
2023-11-01,1848.91
2023-11-02,1801.48
2023-11-03,1834.86
2023-11-04,1858.39
2023-11-05,1892.51
2023-11-06,1901.98
2023-11-07,1886.39
2023-11-08,1888.43
2023-11-09,2121.15
2023-11-10,2077.74
2023-11-11,2054.79
2023-11-12,2046.77
2023-11-13,2057.40
2023-11-14,1980.17
2023-11-15,2058.25
2023-11-16,1960.91
2023-11-17,1960.65
2023-11-18,1962.57
2023-11-19,2012.25
2023-11-20,2022.48
2023-11-21,1937.09
2023-11-22,2064.29
2023-11-23,2062.23
2023-11-24,2082.10
2023-11-25,2083.55
2023-11-26,2062.64
2023-11-27,2027.63
2023-11-28,2048.79
2023-11-29,2028.64
2023-11-30,2054.06
2023-12-01,2088.87
2023-12-02,2165.20
2023-12-03,2195.20
2023-12-04,2239.11
2023-12-05,2293.56
2023-12-06,2233.53
2023-12-07,2358.50
2023-12-08,2359.06
2023-12-09,2343.83
2023-12-10,2351.64
2023-12-11,2223.13
2023-12-12,2201.29
2023-12-13,2262.00
2023-12-14,2315.38
2023-12-15,2221.97
2023-12-16,2228.05
2023-12-17,2197.61
2023-12-18,2216.31
2023-12-19,2176.64
2023-12-20,2199.42
2023-12-21,2241.29
2023-12-22,2327.03
2023-12-23,2311.17
2023-12-24,2265.21
2023-12-25,2271.45
2023-12-26,2230.14
2023-12-27,2380.88
2023-12-28,2347.40
2023-12-29,2297.44
2023-12-30,2292.91
2023-12-31,2280.69
2024-01-01,2349.94
2024-01-02,2357.69
2024-01-03,2209.48
2024-01-04,2270.25
2024-01-05,2269.69
2024-01-06,2241.09
2024-01-07,2220.67
2024-01-08,2332.28
2024-01-09,2344.77
2024-01-10,2580.54
2024-01-11,2621.00
2024-01-12,2524.19
2024-01-13,2578.19
2024-01-14,2473.85
2024-01-15,2510.22
2024-01-16,2587.34
2024-01-17,2526.78
2024-01-18,2465.22
2024-01-19,2488.81
2024-01-20,2470.21
2024-01-21,2455.79
2024-01-22,2313.90
2024-01-23,2239.90
2024-01-24,2232.81
2024-01-25,2217.52
2024-01-26,2265.82
2024-01-27,2266.14
2024-01-28,2254.44
2024-01-29,2315.41
2024-01-30,2346.26
2024-01-31,2284.72
2024-02-01,2304.03
2024-02-02,2307.79
2024-02-03,2295.36
2024-02-04,2287.73
2024-02-05,2298.36
2024-02-06,2372.79
2024-02-07,2424.81
2024-02-08,2421.78
2024-02-09,2489.49
2024-02-10,2501.94
2024-02-11,2508.04
2024-02-12,2666.22
2024-02-13,2640.16
2024-02-14,2776.52
2024-02-15,2825.16
2024-02-16,2803.34
2024-02-17,2787.45
2024-02-18,2881.62
2024-02-19,2946.99
2024-02-20,3015.82
2024-02-21,2966.07
2024-02-22,2969.08
2024-02-23,2924.67
2024-02-24,2991.64
2024-02-25,3112.46
2024-02-26,3179.13
2024-02-27,3243.77
2024-02-28,3386.58
2024-02-29,3343.95
2024-03-01,3438.86
2024-03-02,3425.64
2024-03-03,3490.94
2024-03-04,3633.36
2024-03-05,3565.18
2024-03-06,3825.43
2024-03-07,3877.26
2024-03-08,3893.29
2024-03-09,3913.81
2024-03-10,3882.63
2024-03-11,4072.22
2024-03-12,3982.57
2024-03-13,4008.37
2024-03-14,3885.42
2024-03-15,3743.28
2024-03-16,3535.01
2024-03-17,3637.54
2024-03-18,3518.83
2024-03-19,3163.75
2024-03-20,3515.04
2024-03-21,3499.59
2024-03-22,3329.97
2024-03-23,3333.67
2024-03-24,3459.20
2024-03-25,3591.17
2024-03-26,3586.44
2024-03-27,3497.26
2024-03-28,3560.50
2024-03-29,3513.44
2024-03-30,3508.98
2024-03-31,3642.14
2024-04-01,3506.34
2024-04-02,3282.75
2024-04-03,3309.60
2024-04-04,3324.97
2024-04-05,3319.09
2024-04-06,3355.00
2024-04-07,3450.29
2024-04-08,3699.13
2024-04-09,3502.00
2024-04-10,3540.47
2024-04-11,3502.38
2024-04-12,3232.53
2024-04-13,3013.47
2024-04-14,3148.48
2024-04-15,3096.84
2024-04-16,3084.80
2024-04-17,2985.84
2024-04-18,3062.23
2024-04-19,3057.27
2024-04-20,3154.74
2024-04-21,3148.66
2024-04-22,3200.23
2024-04-23,3221.28
2024-04-24,3135.53
2024-04-25,3156.67
2024-04-26,3130.88
2024-04-27,3255.39
2024-04-28,3258.59
2024-04-29,3213.68
2024-04-30,3014.19
2024-05-01,2968.37
2024-05-02,2987.28
2024-05-03,3100.74
2024-05-04,3120.26
2024-05-05,3138.11
2024-05-06,3062.88
2024-05-07,3012.07
2024-05-08,2975.87
2024-05-09,3037.21
2024-05-10,2909.26
2024-05-11,2910.48
2024-05-12,2929.27
2024-05-13,2949.84
2024-05-14,2883.05
2024-05-15,3033.51
2024-05-16,2944.78
2024-05-17,3089.25
2024-05-18,3126.05
2024-05-19,3070.80
2024-05-20,3674.27
2024-05-21,3792.14
2024-05-22,3737.52
2024-05-23,3777.04
2024-05-24,3728.04
2024-05-25,3748.92
2024-05-26,3821.14
2024-05-27,3891.37
2024-05-28,3840.31
2024-05-29,3763.60
2024-05-30,3747.69
2024-05-31,3762.04
2024-06-01,3812.66
2024-06-02,3777.91
2024-06-03,3763.81
2024-06-04,3812.36
2024-06-05,3867.94
2024-06-06,3811.60
2024-06-07,3674.78
2024-06-08,3679.89
2024-06-09,3704.97
2024-06-10,3664.27
2024-06-11,3498.60
2024-06-12,3559.08
2024-06-13,3469.35
2024-06-14,3481.20
2024-06-15,3566.28
2024-06-16,3623.54
2024-06-17,3511.73
2024-06-18,3480.94
2024-06-19,3556.10
2024-06-20,3510.66
2024-06-21,3519.63
2024-06-22,3495.55
2024-06-23,3421.64
2024-06-24,3348.29
2024-06-25,3394.64
2024-06-26,3368.79
2024-06-27,3445.94
2024-06-28,3374.13
2024-06-29,3373.32
2024-06-30,3433.40
2024-07-01,3441.07
2024-07-02,3417.59
2024-07-03,3296.53
2024-07-04,3064.15
2024-07-05,2983.42
2024-07-06,3067.47
2024-07-07,2936.77
2024-07-08,3016.38
2024-07-09,3065.68
2024-07-10,3099.13
2024-07-11,3102.42
2024-07-12,3134.73
2024-07-13,3178.30
2024-07-14,3245.63
2024-07-15,3489.25
2024-07-16,3445.21
2024-07-17,3391.84
2024-07-18,3426.60
2024-07-19,3507.45
2024-07-20,3521.47
2024-07-21,3537.03
2024-07-22,3441.25
2024-07-23,3480.12
2024-07-24,3336.95
2024-07-25,3173.31
2024-07-26,3273.71
2024-07-27,3242.16
2024-07-28,3271.34
2024-07-29,3319.38
2024-07-30,3279.02
2024-07-31,3230.68
2024-08-01,3201.60
2024-08-02,2983.86
2024-08-03,2899.71
2024-08-04,2691.50
2024-08-05,2420.35
2024-08-06,2463.28
2024-08-07,2339.88
2024-08-08,2680.67
2024-08-09,2597.02
2024-08-10,2609.30
2024-08-11,2556.94
2024-08-12,2722.16
2024-08-13,2703.40
2024-08-14,2662.56
2024-08-15,2567.55
2024-08-16,2591.97
2024-08-17,2615.13
2024-08-18,2612.01
2024-08-19,2636.87
2024-08-20,2574.46
2024-08-21,2633.14
2024-08-22,2624.00
2024-08-23,2766.56
2024-08-24,2768.36
2024-08-25,2748.55
2024-08-26,2681.41
2024-08-27,2456.04
2024-08-28,2529.22
2024-08-29,2527.81
2024-08-30,2526.23
2024-08-31,2512.41
2024-09-01,2428.13
2024-09-02,2539.81
2024-09-03,2425.11
2024-09-04,2450.17
2024-09-05,2366.95
2024-09-06,2225.86
2024-09-07,2273.58
2024-09-08,2360.10
2024-09-09,2388.26
2024-09-10,2340.54
2024-09-11,2361.63
2024-09-12,2440.96
2024-09-13,2418.19
2024-09-14,2316.37
2024-09-15,2295.21
2024-09-16,2342.10
2024-09-17,2374.59
2024-09-18,2465.84
2024-09-19,2562.02
2024-09-20,2613.16
2024-09-21,2580.92
2024-09-22,2646.72
2024-09-23,2653.31
2024-09-24,2579.25
2024-09-25,2632.53
2024-09-26,2695.37
2024-09-27,2675.79
2024-09-28,2657.89
2024-09-29,2601.27
2024-09-30,2447.55
2024-10-01,2363.76
2024-10-02,2349.97
2024-10-03,2414.43
2024-10-04,2414.51
2024-10-05,2439.84
2024-10-06,2421.68
2024-10-07,2439.48
2024-10-08,2368.66
2024-10-09,2384.32
2024-10-10,2438.77
2024-10-11,2475.79
2024-10-12,2467.67
2024-10-13,2628.74
2024-10-14,2606.63
2024-10-15,2610.54
2024-10-16,2604.91
2024-10-17,2641.98
2024-10-18,2647.97
2024-10-19,2746.22
2024-10-20,2665.35
2024-10-21,2620.84
2024-10-22,2521.94
2024-10-23,2533.99
2024-10-24,2436.01
2024-10-25,2479.49
2024-10-26,2504.69
2024-10-27,2565.66
2024-10-28,2637.85
2024-10-29,2658.16
2024-10-30,2514.84
2024-10-31,2510.27
2024-11-01,2493.44
2024-11-02,2456.57
2024-11-03,2397.00
2024-11-04,2422.24
2024-11-05,2724.27
2024-11-06,2897.65
2024-11-07,2964.09
2024-11-08,3127.97
2024-11-09,3186.07
2024-11-10,3375.78
2024-11-11,3247.21
2024-11-12,3191.45
2024-11-13,3059.04
2024-11-14,3090.76
2024-11-15,3134.25
2024-11-16,3076.79
2024-11-17,3209.21
2024-11-18,3111.70
2024-11-19,3072.24
2024-11-20,3359.90
2024-11-21,3331.77
2024-11-22,3397.51
2024-11-23,3365.16
2024-11-24,3414.72
2024-11-25,3323.67
2024-11-26,3657.63
2024-11-27,3579.11
2024-11-28,3593.67
2024-11-29,3706.35
2024-11-30,3710.24
2024-12-01,3644.52
2024-12-02,3617.59
2024-12-03,3843.33
2024-12-04,3788.93
2024-12-05,4004.83
2024-12-06,4000.01
2024-12-07,4006.75
2024-12-08,3713.57
2024-12-09,3630.34
2024-12-10,3835.08
2024-12-11,3882.68
2024-12-12,3907.87
2024-12-13,3869.25
2024-12-14,3957.70
2024-12-15,3987.60
2024-12-16,3893.54
2024-12-17,3624.84
2024-12-18,3414.35
2024-12-19,3470.47
2024-12-20,3337.09
2024-12-21,3278.60
2024-12-22,3418.12
2024-12-23,3491.13
2024-12-24,3493.95
2024-12-25,3330.86
2024-12-26,3328.60
2024-12-27,3397.87
2024-12-28,3350.23
2024-12-29,3355.66
2024-12-30,3330.32
2024-12-31,3353.32
2025-01-01,3452.39
2025-01-02,3607.68
2025-01-03,3656.40
2025-01-04,3635.46
2025-01-05,3688.74
2025-01-06,3380.29
2025-01-07,3326.29
2025-01-08,3218.81
2025-01-09,3266.53
2025-01-10,3282.01
2025-01-11,3266.02
2025-01-12,3136.08
2025-01-13,3223.97
2025-01-14,3451.58
2025-01-15,3307.73
2025-01-16,3475.47
2025-01-17,3304.07
2025-01-18,3210.03
2025-01-19,3280.40
2025-01-20,3327.57
2025-01-21,3241.35
2025-01-22,3338.67
2025-01-23,3309.72
2025-01-24,3318.37
2025-01-25,3231.48
2025-01-26,3181.93
2025-01-27,3076.06
2025-01-28,3114.03
2025-01-29,3247.48
2025-01-30,3299.99
2025-01-31,3116.78
2025-02-01,2869.25
2025-02-02,2883.62
2025-02-03,2732.07
2025-02-04,2788.30
2025-02-05,2687.10
2025-02-06,2622.95
2025-02-07,2632.62
2025-02-08,2627.87
2025-02-09,2661.87
2025-02-10,2602.03
2025-02-11,2738.58
2025-02-12,2676.09
2025-02-13,2726.32
2025-02-14,2693.58
2025-02-15,2661.51
2025-02-16,2744.10
2025-02-17,2670.59
2025-02-18,2715.27
2025-02-19,2738.65
2025-02-20,2661.69
2025-02-21,2763.50
2025-02-22,2819.63
2025-02-23,2513.35
2025-02-24,2492.37
2025-02-25,2332.93
2025-02-26,2305.21
2025-02-27,2236.36
2025-02-28,2216.51
2025-03-01,2518.39
2025-03-02,2147.53
2025-03-03,2170.92
2025-03-04,2241.53
2025-03-05,2202.42
2025-03-06,2140.81
2025-03-07,2203.03
2025-03-08,2020.02
2025-03-09,1864.12
2025-03-10,1923.08
2025-03-11,1907.93
2025-03-12,1863.81
2025-03-13,1911.65
2025-03-14,1937.61
2025-03-15,1886.80
2025-03-16,1926.28
2025-03-17,1931.25
2025-03-18,2057.06
2025-03-19,1982.67
2025-03-20,1964.98
2025-03-21,1980.35
2025-03-22,2005.97
2025-03-23,2081.62
2025-03-24,2066.78
2025-03-25,2009.72
2025-03-26,2003.32
2025-03-27,1896.23
2025-03-28,1827.39
2025-03-29,1807.31
2025-03-30,1822.03
2025-03-31,1905.13
2025-04-01,1794.70
2025-04-02,1816.36
2025-04-03,1816.39
2025-04-04,1805.09
2025-04-05,1579.77
2025-04-06,1552.64
2025-04-07,1471.94
2025-04-08,1669.27
2025-04-09,1521.51
2025-04-10,1566.13
2025-04-11,1643.85
2025-04-12,1597.04
2025-04-13,1624.03
2025-04-14,1588.64
2025-04-15,1577.27
2025-04-16,1583.83
2025-04-17,1588.57
2025-04-18,1612.87
2025-04-19,1587.32
2025-04-20,1579.55
2025-04-21,1757.00
2025-04-22,1795.92
2025-04-23,1770.41
2025-04-24,1785.95
2025-04-25,1821.60
2025-04-26,1791.88
2025-04-27,1800.26
2025-04-28,1798.21
2025-04-29,1793.79
2025-04-30,1838.82
2025-05-01,1842.98
2025-05-02,1834.03
2025-05-03,1809.00
2025-05-04,1820.15
2025-05-05,1817.06
2025-05-06,1811.35
2025-05-07,2207.09
2025-05-08,2345.29
2025-05-09,2583.80
2025-05-10,2514.79
2025-05-11,2495.83
2025-05-12,2679.88
2025-05-13,2610.31
2025-05-14,2548.84
2025-05-15,2538.02
2025-05-16,2476.11
2025-05-17,2498.24
2025-05-18,2528.71
2025-05-19,2525.05
2025-05-20,2551.73
2025-05-21,2665.39
2025-05-22,2527.02
2025-05-23,2530.99
2025-05-24,2552.32
2025-05-25,2564.32
2025-05-26,2662.04
2025-05-27,2682.16
2025-05-28,2631.68
2025-05-29,2531.94
2025-05-30,2529.31
2025-05-31,2540.38
2025-06-01,2609.29
2025-06-02,2595.03
2025-06-03,2609.07
2025-06-04,2415.34
2025-06-05,2478.24
2025-06-06,2526.14
2025-06-07,2510.78
2025-06-08,2681.29
2025-06-09,2816.50
2025-06-10,2772.39
2025-06-11,2643.80
2025-06-12,2580.21
2025-06-13,2531.97
2025-06-14,2548.03
2025-06-15,2545.27
2025-06-16,2510.70
2025-06-17,2525.54
2025-06-18,2521.52
2025-06-19,2407.20
2025-06-20,2297.28
2025-06-21,2228.46
2025-06-22,2413.00
2025-06-23,2449.87
2025-06-24,2420.09
2025-06-25,2417.40
2025-06-26,2424.20
2025-06-27,2437.08
2025-06-28,2500.69
2025-06-29,2486.15
2025-06-30,2405.32
2025-07-01,2571.13
2025-07-02,2592.13
2025-07-03,2508.80
2025-07-04,2517.01
2025-07-05,2570.84
2025-07-06,2542.38
2025-07-07,2616.52
2025-07-08,2769.83
2025-07-09,2951.22
2025-07-10,2959.12
2025-07-11,2944.37
2025-07-12,2973.38
2025-07-13,3014.53
2025-07-14,3138.01
2025-07-15,3373.12
2025-07-16,3479.77
2025-07-17,3549.67
2025-07-18,3594.30
2025-07-19,3758.60
2025-07-20,3763.75
2025-07-21,3748.62
2025-07-22,3630.34
2025-07-23,3708.60
2025-07-24,3725.84
2025-07-25,3743.06
2025-07-26,3873.92
2025-07-27,3799.46
2025-07-28,3793.40
2025-07-29,3810.44
2025-07-30,3698.07
2025-07-31,3486.39
2025-08-01,3392.80
2025-08-02,3497.31
2025-08-03,3720.87
2025-08-04,3611.57
2025-08-05,3683.80
2025-08-06,3911.28
2025-08-07,4011.00
2025-08-08,4262.46
2025-08-09,4251.91
2025-08-10,4224.48
2025-08-11,4589.88
2025-08-12,4751.46
2025-08-13,4550.59
2025-08-14,4442.56
2025-08-15,4425.13
2025-08-16,4475.47
2025-08-17,4315.37
2025-08-18,4075.89
2025-08-19,4336.41
2025-08-20,4224.43
2025-08-21,4831.24
2025-08-22,4776.73
2025-08-23,4779.87
2025-08-24,4377.02
2025-08-25,4601.64
2025-08-26,4506.95
2025-08-27,4511.30
2025-08-28,4360.20
2025-08-29,4374.58
2025-08-30,4391.91
2025-08-31,4314.76
2025-09-01,4326.57
2025-09-02,4452.40
2025-09-03,4298.37
2025-09-04,4307.65
2025-09-05,4274.15
2025-09-06,4305.56
2025-09-07,4305.84
2025-09-08,4309.93
2025-09-09,4350.00
2025-09-10,4460.51
2025-09-11,4714.66
2025-09-12,4669.00
2025-09-13,4605.93
2025-09-14,4524.56
2025-09-15,4502.70
2025-09-16,4592.17
2025-09-17,4589.40
2025-09-18,4471.00
2025-09-19,4482.69
2025-09-20,4447.03
2025-09-21,4202.42
2025-09-22,4165.19
2025-09-23,4153.90
2025-09-24,3875.70
2025-09-25,4034.27
2025-09-26,4020.35
2025-09-27,4143.25
2025-09-28,4217.25
2025-09-29,4145.99
2025-09-30,4350.52
2025-10-01,4487.49
2025-10-02,4515.89
2025-10-03,4490.01
2025-10-04,4515.40
2025-10-05,4686.32
2025-10-06,4449.80
2025-10-07,4527.30
2025-10-08,4370.90
2025-10-09,3836.15
2025-10-10,3750.60
2025-10-11,4156.21
2025-10-12,4244.69
2025-10-13,4126.39
2025-10-14,3987.53
2025-10-15,3894.91
2025-10-16,3832.99
2025-10-17,3890.40
2025-10-18,3983.89
2025-10-19,3980.42
2025-10-20,3874.57
2025-10-21,3806.12
2025-10-22,3858.41
2025-10-23,3936.10
2025-10-24,3954.52
2025-10-25,4158.81
2025-10-26,4120.10
2025-10-27,3980.25
2025-10-28,3904.20
2025-10-29,3804.02
2025-10-30,3845.79
2025-10-31,3872.16
2025-11-01,3905.97
2025-11-02,3602.88
2025-11-03,3286.21
2025-11-04,3227.27
2025-11-05,3397.39
2025-11-06,3324.39
2025-11-07,3432.75
2025-11-08,3389.19
2025-11-09,3639.19
2025-11-10,3579.94
