date,Y_Target_Spread
2023-02-19,-2.6787820306388763
2023-02-20,-2.5015295788132432
2023-02-21,-2.304683559388686
2023-02-22,-2.499751673929404
2023-02-23,-2.414319532848744
2023-02-24,-2.5895426353367217
2023-02-25,-2.713057762737235
2023-02-26,-2.54809819984944
2023-02-27,-2.5439603495331653
2023-02-28,-2.2768026564174595
2023-03-01,-2.290635871711108
2023-03-02,-2.4307885002724268
2023-03-03,-2.507694247309628
2023-03-04,-2.623142864951796
2023-03-05,-2.6147099471601027
2023-03-06,-2.771791807668813
2023-03-07,-2.711471622363946
2023-03-08,-2.663101459632496
2023-03-09,-2.889439160295699
2023-03-10,-2.577326875075639
2023-03-11,-4.099187911795703
2023-03-12,-4.228312174229936
2023-03-13,-3.761894234593842
2023-03-14,-3.4141505880354712
2023-03-15,-3.0211685160138817
2023-03-16,-3.2494954166361816
2023-03-17,-3.109269798967284
2023-03-18,-3.190881053222764
2023-03-19,-3.14280057761134
2023-03-20,-3.1269074034125444
2023-03-21,-2.868563238915002
2023-03-22,-2.759744215729418
2023-03-23,-3.1446106649298344
2023-03-24,-3.371373159391464
2023-03-25,-3.148336678206316
2023-03-26,-3.0652486206025227
2023-03-27,-3.111754082440924
2023-03-28,-3.27102061179873
2023-03-29,-3.600539331069391
2023-03-30,-3.4717908665288366
2023-03-31,-3.5670268990398144
2023-04-01,-3.34209930292581
2023-04-02,-3.363240157166978
2023-04-03,-3.173465250369744
2023-04-04,-3.1703927734945982
2023-04-05,-2.878106145826202
2023-04-06,-2.830814793528054
2023-04-07,-3.171177482040672
2023-04-08,-2.984426677351032
2023-04-09,-2.9926041958765137
2023-04-10,-3.1029049080166207
2023-04-11,-3.074180571967763
2023-04-12,-2.9249735052400467
2023-04-13,-2.7763755103070547
2023-04-14,-2.636498704445456
2023-04-15,-2.908011062047672
2023-04-16,-2.832238375962716
2023-04-17,-3.2065420354267804
2023-04-18,-2.982792761664407
2023-04-19,-2.418306459469429
2023-04-20,-2.304818225351158
2023-04-21,-2.399685482315421
2023-04-22,-1.809272603524772
2023-04-23,-1.991628239242472
2023-04-24,-1.8828765591286225
2023-04-25,-1.914484855287895
2023-04-26,-1.874433550377164
2023-04-27,-2.147196754735128
2023-04-28,-2.334458360769711
2023-04-29,-2.424469727609908
2023-04-30,-1.8212947281448728
2023-05-01,-1.8418855261092528
2023-05-02,-2.0165179711077306
2023-05-03,-1.98304048070798
2023-05-04,-2.328724588214753
2023-05-05,-2.376166680332638
2023-05-06,-2.603722947466681
2023-05-07,-2.7488029209865013
2023-05-08,-2.1180924154511125
2023-05-09,-2.274186872392815
2023-05-10,-2.500562708502138
2023-05-11,-2.587568891909082
2023-05-12,-2.5399054052386254
2023-05-13,-2.4962530353348047
2023-05-14,-2.525720275661387
2023-05-15,-2.4897870090789445
2023-05-16,-2.4723235231093947
2023-05-17,-2.53942690039428
2023-05-18,-2.554902999039184
2023-05-19,-2.685216815518977
2023-05-20,-2.698644675014743
2023-05-21,-2.7965728451218936
2023-05-22,-3.1076310030216105
2023-05-23,-2.972688578205444
2023-05-24,-2.9399044607097657
2023-05-25,-2.9688335940917088
2023-05-26,-2.896482547300823
2023-05-27,-2.844806352212591
2023-05-28,-2.5743498169639505
2023-05-29,-2.4414691629785032
2023-05-30,-2.31229526716312
2023-05-31,-2.406539442820771
2023-06-01,-2.4752664709312544
2023-06-02,-2.4848675503803297
2023-06-03,-2.5298503186142995
2023-06-04,-2.4168437014562563
2023-06-05,-2.3235953889281817
2023-06-06,-2.589538230391152
2023-06-07,-2.644651539482214
2023-06-08,-2.66862315141836
2023-06-09,-3.050688612641305
2023-06-10,-3.12613757449956
2023-06-11,-3.178606013948679
2023-06-12,-3.4262475112839
2023-06-13,-3.218308786728047
2023-06-14,-3.241890418358293
2023-06-15,-3.0109909710046026
2023-06-16,-2.6397150415998905
2023-06-17,-2.6105911535713227
2023-06-18,-2.717837805010648
2023-06-19,-2.71702162889854
2023-06-20,-2.5103472451765376
2023-06-21,-2.3374988322008026
2023-06-22,-2.2791209296378354
2023-06-23,-2.060542231068358
2023-06-24,-2.26543350704995
2023-06-25,-2.4905977878430146
2023-06-26,-2.5161179898753594
2023-06-27,-2.655131187505772
2023-06-28,-2.6031142827798166
2023-06-29,-2.78691861226148
2023-06-30,-2.6123518425043453
2023-07-01,-2.342425288475184
2023-07-02,-2.324633401420635
2023-07-03,-2.384885516195808
2023-07-04,-2.408177153265805
2023-07-05,-2.4584157531019826
2023-07-06,-2.4401163962585186
2023-07-07,-2.408341221866889
2023-07-08,-2.5227089070819395
2023-07-09,-2.5765811127117995
2023-07-10,-2.5719816098576644
2023-07-11,-2.380213826802295
2023-07-12,-2.304988949201144
2023-07-13,-2.2480289685483053
2023-07-14,-2.3213458706425625
2023-07-15,-2.382586714822932
2023-07-16,-2.232566477674021
2023-07-17,-2.225248667353918
2023-07-18,-2.322621819850056
2023-07-19,-0.7731215977213273
2023-07-20,-0.8650858493063653
2023-07-21,-2.449157043637631
2023-07-22,-2.4467121795271702
2023-07-23,-2.4343476249822986
2023-07-24,-2.378759097544209
2023-07-25,-2.274905964586675
2023-07-26,-2.263047019905498
2023-07-27,-2.5250350070542567
2023-07-28,-2.517242207269529
2023-07-29,-2.517186627234871
2023-07-30,27.409644132743107
2023-07-31,6.326722439637357
2023-08-01,4.511289411558793
2023-08-02,7.790975410593872
2023-08-03,3.4546516557572025
2023-08-04,3.7539678350783
2023-08-05,-2.499449544947932
2023-08-06,1.0355716993841
2023-08-07,-2.50563491050342
2023-08-08,0.4870019441948505
2023-08-09,3.534656049112246
2023-08-10,1.8862432986230937
2023-08-11,3.856197837857191
2023-08-12,-0.0319391738967942
2023-08-13,1.898217694583109
2023-08-14,5.055982281603522
2023-08-15,1.0895537897233911
2023-08-16,-2.458612897236661
2023-08-17,3.854329154551949
2023-08-18,-2.657711753468168
2023-08-19,-2.687250917559404
2023-08-20,-2.4693451989928934
2023-08-21,-2.623984479711428
2023-08-22,-2.962796368152888
2023-08-23,-2.913499889787984
2023-08-24,-2.891866186975328
2023-08-25,-2.7193688042717388
2023-08-26,-2.679674516234996
2023-08-27,-2.5747744917832462
2023-08-28,1.4849253999450711
2023-08-29,-2.5754431685958266
2023-08-30,-2.4802918005793777
2023-08-31,-2.535765955640747
2023-09-01,-2.5958491162576127
2023-09-02,-2.605577701657415
2023-09-03,-2.519890826364292
2023-09-04,-2.528379914115777
2023-09-05,2.250278431350135
2023-09-06,-2.4947274716825474
2023-09-07,-2.5441745524200026
2023-09-08,-2.496086385461735
2023-09-09,-2.509732855684628
2023-09-10,-1.901354447025332
2023-09-11,-1.6858708406369185
2023-09-12,-2.4653987388849146
2023-09-13,-1.1978807273197498
2023-09-14,-2.490506183575658
2023-09-15,-0.6818566259731362
2023-09-16,-2.0734059246911176
2023-09-17,-2.212813171446546
2023-09-18,-0.8421054863290065
2023-09-19,-2.4847595213307576
2023-09-20,-2.4761069292881
2023-09-21,-2.53684729638874
2023-09-22,-0.5885996557811346
2023-09-23,-0.4096053456500863
2023-09-24,-2.419574965440719
2023-09-25,-1.843360587507184
2023-09-26,-1.739575219203577
2023-09-27,-2.4875002426089923
2023-09-28,-1.7834349976851254
2023-09-29,3.345024100636704
2023-09-30,-1.7507644326389975
2023-10-01,-2.582007600579468
2023-10-02,-2.4985408936917124
2023-10-03,-2.534254243750803
2023-10-04,-2.6011872443529014
2023-10-05,-1.580288231156311
2023-10-06,-2.4839436724614616
2023-10-07,-2.477448614040951
2023-10-08,-2.534999576233673
2023-10-09,-1.4955397431883086
2023-10-10,-2.2124706928352444
2023-10-11,1.3571951792809571
2023-10-12,-1.391777996273578
2023-10-13,-2.498971041347241
2023-10-14,-2.486907828418403
2023-10-15,0.4961015369815289
2023-10-16,-0.2491773652365765
2023-10-17,-1.2386601789737668
2023-10-18,-2.509866871658749
2023-10-19,-2.479633795872114
2023-10-20,-2.519529728596166
2023-10-21,-2.6149587542515738
2023-10-22,-1.8497727438360947
2023-10-23,2.68674122134097
2023-10-24,3.972475275691497
2023-10-25,-2.554772053976076
2023-10-26,3.662433393061829
2023-10-27,-0.8526101590016015
2023-10-28,-1.4344963092369598
2023-10-29,-0.3019496085408963
2023-10-30,-2.479016063268711
2023-10-31,-2.5291811908358826
2023-11-01,1.558897120053218
2023-11-02,0.735920308291159
2023-11-03,-0.079009279012995
2023-11-04,1.7048694702752885
2023-11-05,3.789738967751699
2023-11-06,-2.60482113815373
2023-11-07,0.3028755941331296
2023-11-08,0.2560016588034717
2023-11-09,1.821435199162604
2023-11-10,-2.539256048191944
2023-11-11,1.6550321128803498
2023-11-12,-2.5804729188030096
2023-11-13,5.121072070910243
2023-11-14,5.682229746040916
2023-11-15,3.748850797399463
2023-11-16,5.53454374365336
2023-11-17,1.5582946479192517
2023-11-18,-1.3144716980229578
2023-11-19,1.9794466482934585
2023-11-20,1.0522728892930209
2023-11-21,0.3768989323859024
2023-11-22,-1.0810412644792669
2023-11-23,2.227376129954772
2023-11-24,-1.1649309585526009
2023-11-25,0.5890379422340581
2023-11-26,-1.264122317645481
2023-11-27,5.488611167836412
2023-11-28,2.79264734526895
2023-11-29,-1.2615774661542265
2023-11-30,4.752382224948583
2023-12-01,3.352235593745156
2023-12-02,-1.3717206919968694
2023-12-03,1.4083302673141151
2023-12-04,0.2093192027134032
2023-12-05,-1.2995280634803237
2023-12-06,0.6874793945811817
2023-12-07,6.806115702464135
2023-12-08,2.153465493008982
2023-12-09,-0.1743845215473998
2023-12-10,0.5987237287932761
2023-12-11,4.496166136939891
2023-12-12,1.4215330693840578
2023-12-13,3.953985936463817
2023-12-14,3.950665181730904
2023-12-15,3.8133209420844754
2023-12-16,0.8349495297800154
2023-12-17,-0.3394796900704966
2023-12-18,0.943257957306213
2023-12-19,1.613592434070762
2023-12-20,-1.278878481415834
2023-12-21,1.3070637050113785
2023-12-22,3.361661613266902
2023-12-23,0.1537020090549727
2023-12-24,0.4836056228235597
2023-12-25,2.251678995214128
2023-12-26,-1.4256550090248474
2023-12-27,1.5854117493527218
2023-12-28,3.322884207057017
2023-12-29,5.12332812826079
2023-12-30,1.1351193825103083
2023-12-31,3.184416197648175
2024-01-01,3.3978796409168206
2024-01-02,2.639672664747378
2024-01-03,5.109020936861291
2024-01-04,0.5773654996690727
2024-01-05,2.379863847436672
2024-01-06,1.3756613576721115
2024-01-07,5.660851518852312
2024-01-08,2.6616663643819534
2024-01-09,-0.0143218192929568
2024-01-10,11.190385773119576
2024-01-11,2.3826109506960886
2024-01-12,4.164502940254516
2024-01-13,1.47669216225429
2024-01-14,2.636254895312434
2024-01-15,2.753703103943153
2024-01-16,-0.5140829142073313
2024-01-17,3.108060385442732
2024-01-18,10.516676311018678
2024-01-19,3.072001321295132
2024-01-20,-0.2919346316720377
2024-01-21,0.7011262543522836
2024-01-22,3.501638952481186
2024-01-23,-0.495792388225917
2024-01-24,-0.5155411161454744
2024-01-25,-0.8213854291676022
2024-01-26,-0.8456999563145127
2024-01-27,-0.8648882602442924
2024-01-28,-0.8571211531134679
2024-01-29,-0.7559188641915728
2024-01-30,5.850643909181341
2024-01-31,-0.5453715323160351
2024-02-01,-0.0749222708513235
2024-02-02,-0.47263190585684
2024-02-03,-0.4883337910466121
2024-02-04,-0.5770955440799455
2024-02-05,-0.5555607786534944
2024-02-06,-0.5317675083099029
2024-02-07,1.3873099396576558
2024-02-08,1.703175139203597
2024-02-09,4.338620243810355
2024-02-10,4.427169043925056
2024-02-11,4.399974654412701
2024-02-12,4.198760868433568
2024-02-13,4.065981785066181
2024-02-14,1.1147522784711024
2024-02-15,2.8960529167933737
2024-02-16,2.348991577207671
2024-02-17,0.999416694913278
2024-02-18,5.786192715166217
2024-02-19,2.0342142470764646
2024-02-20,1.2150161409599676
2024-02-21,1.7424213630725518
2024-02-22,4.11102472042909
2024-02-23,1.170499927997791
2024-02-24,2.247216906013965
2024-02-25,3.851847569420655
2024-02-26,4.707358658616285
2024-02-27,2.977146492592854
2024-02-28,13.6653508428938
2024-02-29,6.19811690132282
2024-03-01,0.7824511975883706
2024-03-02,7.49281830359874
2024-03-03,7.457382165532846
2024-03-04,5.375878367744977
2024-03-05,2.231218240345245
2024-03-06,6.842399884579183
2024-03-07,3.820400561336649
2024-03-08,-0.5548392173956866
2024-03-09,2.63330727548304
2024-03-10,7.535016915039937
2024-03-11,8.316732400606632
2024-03-12,13.41771472559089
2024-03-13,7.809047631815463
2024-03-14,12.98179548958608
2024-03-15,0.4749465900125464
2024-03-16,1.6909066082344522
2024-03-17,10.432467686675658
2024-03-18,5.106768288744326
2024-03-19,1.310528601539314
2024-03-20,-0.5219983827963777
2024-03-21,2.0540729583654374
2024-03-22,-0.2553031799024232
2024-03-23,3.6840139395435134
2024-03-24,3.0658058768561416
2024-03-25,9.600954889854783
2024-03-26,4.834956788942078
2024-03-27,7.489744055768446
2024-03-28,2.216230357684638
2024-03-29,7.5986532263563955
2024-03-30,13.161572259377198
2024-03-31,-0.644744784934371
2024-04-01,4.045979377786637
2024-04-02,0.0610755786506045
2024-04-03,1.1411283554191431
2024-04-04,4.293347331081209
2024-04-05,3.2139101440386373
2024-04-06,3.364173043629292
2024-04-07,-0.469259276601262
2024-04-08,3.402088046747937
2024-04-09,5.006630577232484
2024-04-10,4.329330595467041
2024-04-11,4.059278935077766
2024-04-12,3.860328794035744
2024-04-13,3.3843936739154232
2024-04-14,2.5156733600930945
2024-04-15,2.196159526264952
2024-04-16,2.5929678202893447
2024-04-17,2.1829647919220108
2024-04-18,2.14803493196004
2024-04-19,1.6497113926040263
2024-04-20,1.486423305158624
2024-04-21,1.458787804411318
2024-04-22,1.4511121529645532
2024-04-23,1.461623007733424
2024-04-24,1.5004996478987822
2024-04-25,1.6054975812118872
2024-04-26,1.2617449360928052
2024-04-27,2.0782637649397486
2024-04-28,2.1580687111698307
2024-04-29,1.867628090549064
2024-04-30,1.7767126768946069
2024-05-01,1.632684569271321
2024-05-02,1.409881441911197
2024-05-03,1.1785439987671138
2024-05-04,1.1126211395127648
2024-05-05,1.1691107257533382
2024-05-06,0.125086051383243
2024-05-07,0.0529017841545549
2024-05-08,0.2238791220071627
2024-05-09,0.4162865344779183
2024-05-10,0.1061892553932679
2024-05-11,0.2075500136826296
2024-05-12,0.182426396082274
2024-05-13,0.6486155293684845
2024-05-14,0.5718355039199094
2024-05-15,0.344630217650228
2024-05-16,0.3153767557801954
2024-05-17,0.0369026254123943
2024-05-18,0.0270021327071328
2024-05-19,0.1344607051808592
2024-05-20,0.6806760306224362
2024-05-21,1.105545464749409
2024-05-22,1.1525496488354303
2024-05-23,11.313826496811114
2024-05-24,1.8178900769987385
2024-05-25,1.7710132460452623
2024-05-26,1.488681378673875
2024-05-27,1.8329313348462648
2024-05-28,1.790826913544814
2024-05-29,1.58989414654443
2024-05-30,10.84426106652869
2024-05-31,1.737678865393666
2024-06-01,1.7130340561460944
2024-06-02,1.4539387178698489
2024-06-03,1.756827692740253
2024-06-04,1.5492166258960491
2024-06-05,1.9127515392568908
2024-06-06,6.496389303668911
2024-06-07,6.132630556416675
2024-06-08,2.0711983009116866
2024-06-09,1.9841453711549288
2024-06-10,2.122472023028912
2024-06-11,2.0473330900505493
2024-06-12,1.957444139649935
2024-06-13,6.382425096748379
2024-06-14,2.0593259847228795
2024-06-15,1.9382884802011369
2024-06-16,1.969204816712284
2024-06-17,1.8278344330510183
2024-06-18,1.399143047907737
2024-06-19,1.523566366648577
2024-06-20,1.8779597083041804
2024-06-21,1.835126382473497
2024-06-22,1.65858221193775
2024-06-23,2.119772723329527
2024-06-24,2.0200309825599527
2024-06-25,1.9115699990292887
2024-06-26,1.6714948350367749
2024-06-27,1.2135495578017883
2024-06-28,1.2736699922934136
2024-06-29,1.2438144389452497
2024-06-30,1.512099034649892
2024-07-01,1.4483288204132867
2024-07-02,1.581952947414921
2024-07-03,1.4035124893991116
2024-07-04,1.2049505922924553
2024-07-05,0.1582639374454455
2024-07-06,1.0132374747329915
2024-07-07,0.86418199556765
2024-07-08,-0.0088647998007198
2024-07-09,-0.2049878872179489
2024-07-10,-0.2424692976716
2024-07-11,-0.2005701113567326
2024-07-12,-0.0944860460479137
2024-07-13,0.2080132851412335
2024-07-14,0.2867476954651407
2024-07-15,0.518929298091189
2024-07-16,0.379446768440026
2024-07-17,0.3602229161396781
2024-07-18,0.5460069195595629
2024-07-19,0.6038001090226199
2024-07-20,1.2367917471677758
2024-07-21,1.194337870897237
2024-07-22,1.1113431192173842
2024-07-23,1.2989951421385406
2024-07-24,1.2655862966113824
2024-07-25,-0.5800891961658516
2024-07-26,-0.4535508946159616
2024-07-27,-0.3923388187767607
2024-07-28,-0.3067902479761368
2024-07-29,6.499499099301284
2024-07-30,3.2885802784309366
2024-07-31,-0.0219506347166928
2024-08-01,-0.3738463265574534
2024-08-02,-0.4220617479173727
2024-08-03,-0.1134536714133096
2024-08-04,-0.4325822204366751
2024-08-05,-1.6955171038415786
2024-08-06,-1.644149946843848
2024-08-07,-1.3992745023608322
2024-08-08,-1.2996321089943723
2024-08-09,-1.251170046999011
2024-08-10,-1.346539393567869
2024-08-11,-1.532128111708294
2024-08-12,-1.4998770146120513
2024-08-13,-1.401388278804399
2024-08-14,-1.4834574628929906
2024-08-15,-1.5429776581383785
2024-08-16,-1.4776498645628229
2024-08-17,-1.5040150434882582
2024-08-18,-1.3692548741587394
2024-08-19,-1.2443544733431198
2024-08-20,-1.1112145613038624
2024-08-21,-0.8459187507484289
2024-08-22,-0.7931258538625654
2024-08-23,-0.9375009551974208
2024-08-24,-0.8318513233464166
2024-08-25,-0.8152878293287849
2024-08-26,-0.7811857552338228
2024-08-27,-0.6227876409528816
2024-08-28,-0.9099047614081606
2024-08-29,-0.9424728895688615
2024-08-30,-1.1295191777363085
2024-08-31,-1.185277976343257
2024-09-01,-1.1962301116028309
2024-09-02,-1.2353656086992268
2024-09-03,-1.293717521061902
2024-09-04,-1.25116962862573
2024-09-05,-1.2244054971245395
2024-09-06,-1.7141880641257727
2024-09-07,-1.6638454448850108
2024-09-08,-1.4901116540447736
2024-09-09,-1.371440670740432
2024-09-10,-1.9624039975384249
2024-09-11,-1.89448993376938
2024-09-12,-1.836170299271775
2024-09-13,-1.596831971693748
2024-09-14,-1.6516600719465029
2024-09-15,-1.693721159641976
2024-09-16,-1.7602618237563048
2024-09-17,-1.7376086149164998
2024-09-18,-1.6176199038420602
2024-09-19,-0.8541894474714993
2024-09-20,-0.6728655234391727
2024-09-21,-0.5933224990516761
2024-09-22,-0.6137345758614359
2024-09-23,-0.4296763693693597
2024-09-24,-0.3916931536581938
2024-09-25,-0.415383650273962
2024-09-26,3.7012700645591
2024-09-27,-0.4019591831835525
2024-09-28,-0.3997479697274562
2024-09-29,-0.3966875578603943
2024-09-30,3.7570194604264495
2024-10-01,6.719568144906737
2024-10-02,0.949267294867286
2024-10-03,-0.3492295497342077
2024-10-04,-0.4352494962175939
2024-10-05,-0.699459866523088
2024-10-06,-0.6807988544289714
2024-10-07,6.273679891061128
2024-10-08,13.813379897611782
2024-10-09,8.701105502580411
2024-10-10,13.080486246558529
2024-10-11,18.91140282494185
2024-10-12,-0.4840963020759563
2024-10-13,-0.510307707745369
2024-10-14,26.21670839709056
2024-10-15,8.097686149528723
2024-10-16,-0.0848554379773283
2024-10-17,-0.7788238641358163
2024-10-18,8.256302575918532
2024-10-19,-0.3771233734303889
2024-10-20,-0.3008804595147207
2024-10-21,10.552987391846369
2024-10-22,7.743180196289483
2024-10-23,36.52590518664815
2024-10-24,47.99505560929783
2024-10-25,19.49653809252245
2024-10-26,-0.281982401487669
2024-10-27,-0.27718062075005
2024-10-28,39.9234224404893
2024-10-29,42.73419882049526
2024-10-30,45.02481941908309
2024-10-31,42.7485448190513
2024-11-01,34.84786816626747
2024-11-02,-0.4516881406230144
2024-11-03,-0.3669434604703934
2024-11-04,38.57119276010745
2024-11-05,32.43213880969152
2024-11-06,30.459665037876047
2024-11-07,33.75456784852007
2024-11-08,29.538804340195888
2024-11-09,-0.154913030060352
2024-11-10,-0.0575868899973306
2024-11-11,51.099136932915016
2024-11-12,29.31220051955452
2024-11-13,36.19862262664768
2024-11-14,37.43575554138658
2024-11-15,27.53339984066708
2024-11-16,-0.1886873331644762
2024-11-17,-0.273532743625398
2024-11-18,38.71494332674216
2024-11-19,30.61984934704701
2024-11-20,34.679223458746186
2024-11-21,43.80861699429069
2024-11-22,43.05929997201402
2024-11-23,3.958385073420489
2024-11-24,3.5788312608107145
2024-11-25,35.01076787081338
2024-11-26,51.127236954373565
2024-11-27,39.10347998262412
2024-11-28,42.853336795282
2024-11-29,41.22024406681132
2024-11-30,5.530640847836013
2024-12-01,5.364505303860364
2024-12-02,45.94587174023572
2024-12-03,35.75289559534293
2024-12-04,45.595982183169085
2024-12-05,46.790248573395175
2024-12-06,39.98577350408799
2024-12-07,-0.0725090157453847
2024-12-08,12.716555204216045
2024-12-09,49.97524440933229
2024-12-10,43.91030580876052
2024-12-11,51.82516987111361
2024-12-12,52.44608536147263
2024-12-13,6.175035736518545
2024-12-14,6.162139431918892
2024-12-15,9.375188869184177
2024-12-16,9.048377474156757
2024-12-17,5.417314288489131
2024-12-18,6.0036845210774565
2024-12-19,8.439342741210034
2024-12-20,11.633271015988566
2024-12-21,5.6427025961121045
2024-12-22,5.33104998767137
2024-12-23,5.556043556292114
2024-12-24,5.4754336808468285
2024-12-25,5.806709155967011
2024-12-26,5.711922244366547
2024-12-27,5.694544695334124
2024-12-28,5.5117833688177
2024-12-29,5.702209320442472
2024-12-30,4.797612034194402
2024-12-31,4.6750773372425645
2025-01-01,5.51639634996531
2025-01-02,4.75984102063499
2025-01-03,4.82162500169139
2025-01-04,4.538988809061508
2025-01-05,4.391599726707558
2025-01-06,4.700639112041527
2025-01-07,4.442416581887294
2025-01-08,4.39237037536927
2025-01-09,3.880914228965774
2025-01-10,3.9904541220277774
2025-01-11,3.899090585536009
2025-01-12,3.855902338280468
2025-01-13,3.541446199467022
2025-01-14,3.249854296001522
2025-01-15,3.993208364900654
2025-01-16,3.62395367959804
2025-01-17,4.077005901167033
2025-01-18,4.209426979923333
2025-01-19,4.879185285347144
2025-01-20,4.55830442820151
2025-01-21,4.013087139802079
2025-01-22,3.554617731025038
2025-01-23,3.0016963174982765
2025-01-24,2.776639607779656
2025-01-25,2.573499011926057
2025-01-26,2.4172401531525205
2025-01-27,2.351984306652783
2025-01-28,2.149456781891753
2025-01-29,2.1393469121873183
2025-01-30,2.0948901730539795
2025-01-31,1.6716536327803064
2025-02-01,1.7368805406797252
2025-02-02,1.6801835244547565
2025-02-03,0.4998919745258687
2025-02-04,0.4633242805797302
2025-02-05,0.6093432401137839
2025-02-06,0.5531886540324527
2025-02-07,0.5195051881664545
2025-02-08,0.3722844841831936
2025-02-09,0.3275563808455066
2025-02-10,0.2266347517702032
2025-02-11,-0.7288538328730239
2025-02-12,-0.3076386492158107
2025-02-13,-0.2982948545006429
2025-02-14,-0.1977017749201781
2025-02-15,-0.193090850437164
2025-02-16,-0.0404825775967383
2025-02-17,-0.2042627016759066
2025-02-18,-0.1129663290140516
2025-02-19,-0.0691575463024918
2025-02-20,-0.1748119113626032
2025-02-21,-0.180219348308376
2025-02-22,-0.0969293369884889
2025-02-23,-0.080519283509215
2025-02-24,-0.2786069750272935
2025-02-25,-0.3995574909107335
2025-02-26,0.4557441090645353
2025-02-27,-0.1185937612782792
2025-02-28,-0.9279763866759874
2025-03-01,-0.9652001401938696
2025-03-02,-1.0204648245508716
2025-03-03,-1.1215384057498614
2025-03-04,-0.9634782140958236
2025-03-05,-0.933305599155204
2025-03-06,-0.869322232621283
2025-03-07,-1.0587356710193694
2025-03-08,-1.0352411838962818
2025-03-09,-1.016953935450772
2025-03-10,-1.6955584662499428
2025-03-11,-1.6235345165698485
2025-03-12,-1.9160673488178297
2025-03-13,-1.564741957517188
2025-03-14,-1.4468020966742832
2025-03-15,-1.511095437474105
2025-03-16,-1.6467835182512829
2025-03-17,-1.66437715610266
2025-03-18,-1.572787818879811
2025-03-19,-2.062430722920764
2025-03-20,-1.754030750536459
2025-03-21,-1.264398378225783
2025-03-22,-1.201871876383621
2025-03-23,-1.335999634037384
2025-03-24,-1.4212433334281105
2025-03-25,-1.4231385951604985
2025-03-26,-1.4924431293170648
2025-03-27,-1.3714703708629243
2025-03-28,-0.9854336627295316
2025-03-29,-1.1944727388890517
2025-03-30,-1.2317618713794958
2025-03-31,-1.462025817554287
2025-04-01,-1.4730916361329158
2025-04-02,-1.5327534925542494
2025-04-03,-1.7480036823792957
2025-04-04,-1.6167808755648796
2025-04-05,-1.6099292553775562
2025-04-06,-1.7983570069822288
2025-04-07,-1.755120663843229
2025-04-08,-1.809831156268694
2025-04-09,-1.7436195935225398
2025-04-10,-1.4914372417396526
2025-04-11,-1.134471553139563
2025-04-12,-1.19881270839057
2025-04-13,-1.278799635072808
2025-04-14,-1.2935646617148744
2025-04-15,-1.6396321073878362
2025-04-16,-1.7014201145011625
2025-04-17,-1.7562921132149536
2025-04-18,-1.7328884517653211
2025-04-19,-1.793100530428747
2025-04-20,-1.845595587297291
2025-04-21,-1.7249891276941811
2025-04-22,-1.904044459466004
2025-04-23,-1.9704952035361365
2025-04-24,-1.9766882767806129
2025-04-25,-2.03880646943503
2025-04-26,-1.6249376975107634
2025-04-27,-1.477700062503022
2025-04-28,-1.5081135333770903
2025-04-29,-1.5673160250289715
2025-04-30,-1.6069538135918235
2025-05-01,-1.4294025574934368
2025-05-02,-1.433955664393534
2025-05-03,-1.4082057388029878
2025-05-04,-1.220103443513636
2025-05-05,-1.1840043905293949
2025-05-06,-1.0523123970030492
2025-05-07,-1.2485503814928811
2025-05-08,-1.1570075312247114
2025-05-09,-1.0263409457903545
2025-05-10,-0.9516412657522032
2025-05-11,-0.936299793513454
2025-05-12,-0.6544437319703285
2025-05-13,-0.5931078771159228
2025-05-14,-0.633435580668221
2025-05-15,-0.6130506724576907
2025-05-16,-0.4875181287474941
2025-05-17,-0.4452780575373656
2025-05-18,-0.4194504651222117
2025-05-19,-0.3057509277388561
2025-05-20,-0.3431011712449208
2025-05-21,-0.4415738220589871
2025-05-22,-0.789261865391953
2025-05-23,-0.3431219030360428
2025-05-24,-0.3095590065709457
2025-05-25,-0.1341941269989437
2025-05-26,-0.3999508590260898
2025-05-27,-0.4175687952196938
2025-05-28,-0.4598873525036913
2025-05-29,-0.3034287344260802
2025-05-30,-0.5962571107363739
2025-05-31,-0.4820067808933741
2025-06-01,-0.4847828934851748
2025-06-02,-0.4453456451027868
2025-06-03,-0.4198632067093761
2025-06-04,-0.093648626133489
2025-06-05,0.0849884516842873
2025-06-06,0.1419454096575929
2025-06-07,-0.0203686588185236
2025-06-08,-0.0898670916132999
2025-06-09,0.7148104041152257
2025-06-10,-0.3459748791576307
2025-06-11,0.1636917222592284
2025-06-12,0.2305618611358602
2025-06-13,0.0231641714796069
2025-06-14,0.8717683405646621
2025-06-15,0.0901598974882595
2025-06-16,-1.3318780053597008
2025-06-17,-1.025355360190339
2025-06-18,-0.9521979164731916
2025-06-19,-0.922434180648624
2025-06-20,-0.6376881557757343
2025-06-21,-0.6188314463610651
2025-06-22,-0.6530531277718641
2025-06-23,-0.484415030358706
2025-06-24,-0.558071311501366
2025-06-25,-0.6399605880912844
2025-06-26,-0.6663295286645092
2025-06-27,-0.4951974948524387
2025-06-28,-0.5395802685181277
2025-06-29,-0.5478547056075556
2025-06-30,-0.723362004619557
2025-07-01,-0.5143980335057714
2025-07-02,-0.4967536794889851
2025-07-03,-0.4010381984693225
2025-07-04,-0.3683883658158366
2025-07-05,-0.6211603622820188
2025-07-06,-0.3954254383317517
2025-07-07,-0.3569447372523178
2025-07-08,-0.50187773259539
2025-07-09,-0.9062196277811894
2025-07-10,-0.9015398925206236
2025-07-11,-0.7627689290454653
2025-07-12,-0.8000051177395786
2025-07-13,-0.7269410703969097
2025-07-14,-0.8442657072458686
2025-07-15,-0.7934300827072933
2025-07-16,-0.5857652630795886
2025-07-17,-0.2924835970409125
2025-07-18,-0.3720191009013103
2025-07-19,-0.3725809385964438
2025-07-20,-0.845274836442321
2025-07-21,-0.5062079036081744
2025-07-22,-0.4424585669622343
2025-07-23,-0.3530105687610412
2025-07-24,-0.57917685828903
2025-07-25,-0.5644680065767842
2025-07-26,-0.5347727671260682
2025-07-27,-0.5755719492975051
2025-07-28,-0.4252042505285804
2025-07-29,-0.461361230194802
2025-07-30,-0.2990397919539713
2025-07-31,-0.1642512216518366
2025-08-01,-0.0888779022223884
2025-08-02,-0.3389668579714717
2025-08-03,-0.1712408216057097
2025-08-04,-0.086308389580477
2025-08-05,-0.1707582744480982
2025-08-06,-0.1075119527089025
2025-08-07,-0.4730620353865835
2025-08-08,-0.520771259923063
2025-08-09,-0.3498212713215114
2025-08-10,-0.3766751828921246
2025-08-11,-0.1367660610828656
2025-08-12,-0.4277374996216911
2025-08-13,0.205722720122095
2025-08-14,0.0323270462478566
2025-08-15,-0.0181531825724334
2025-08-16,0.093330394759552
2025-08-17,0.1243424820918601
2025-08-18,0.3852831957638951
2025-08-19,0.2225760545630466
2025-08-20,0.2982183781345195
2025-08-21,0.3388122361686401
2025-08-22,0.3743681054088723
2025-08-23,0.2721123556307114
2025-08-24,0.399837026336197
2025-08-25,0.1070316648833893
2025-08-26,-0.0062880602023351
2025-08-27,-0.103141888320418
2025-08-28,-0.2154583342049836
2025-08-29,-0.338579488804255
2025-08-30,-0.3075678484799864
2025-08-31,-0.3314132737477502
2025-09-01,-0.2582725217553578
2025-09-02,-0.3224043170954838
2025-09-03,-0.1978693441218908
2025-09-04,-0.0210684318708151
2025-09-05,-0.1095843474386928
2025-09-06,-0.1066650536319908
2025-09-07,-0.1121513093175803
2025-09-08,0.007059437153746
2025-09-09,0.2808852551737075
2025-09-10,0.4294760127734411
2025-09-11,0.3124228551801531
2025-09-12,0.3552631460268243
2025-09-13,-0.0383933320528839
2025-09-14,-0.0349544254168492
2025-09-15,0.071262403085103
2025-09-16,0.1841913214402266
2025-09-17,0.7687525117568494
2025-09-18,1.0016003476795667
2025-09-19,1.1883101263838602
2025-09-20,1.0015428476219954
2025-09-21,0.7772460330719948
2025-09-22,0.9292982644730784
2025-09-23,0.4408862631466039
2025-09-24,0.4657082695218273
2025-09-25,-0.079630848326877
2025-09-26,-0.2860563568898939
2025-09-27,-0.2511434066426843
2025-09-28,-0.2826889263506169
2025-09-29,-0.3436643589468358
2025-09-30,-0.2686545961439579
2025-10-01,-0.2505409995742482
2025-10-02,-0.3132476699612883
2025-10-03,-0.5391010205844542
2025-10-04,-0.5409137962756798
2025-10-05,-0.4604633742394468
2025-10-06,-0.4853999106334945
2025-10-07,-0.3192958219910911
2025-10-08,-0.3411121024804728
2025-10-09,-0.3182137331196397
2025-10-10,0.0075156316035132
2025-10-11,-0.5174185427975213
2025-10-12,-0.5886439043405822
2025-10-13,-0.4580338776666894
2025-10-14,-0.5840739548030638
2025-10-15,-0.5595113262968301
2025-10-16,-0.5859028943389992
2025-10-17,-0.6155422479889898
2025-10-18,-0.69134920204566
2025-10-19,-0.2636619986845359
2025-10-20,-1.065422183368876
2025-10-21,-0.3815457396520356
2025-10-22,-0.3906087363310462
2025-10-23,-0.3311803829156643
2025-10-24,-0.6463488015454133
2025-10-25,-0.6705957060946175
2025-10-26,-0.6551819820367788
2025-10-27,-0.6816240013226915
2025-10-28,-0.6449363011228364
2025-10-29,-0.6346918666345776
2025-10-30,-0.3688255675069287
2025-10-31,-0.6234868275290077
2025-11-01,-0.2804225132063869
2025-11-02,-0.2783275131970613
2025-11-03,-0.2933543372413383
2025-11-04,0.6733951562333145
2025-11-05,0.8010595908243623
2025-11-06,0.8489602934574858
2025-11-07,1.869950179508448
