date,Lido_APY,Lido_TVL
2022-05-03,3.6,11074372760.0
2022-05-04,3.6,11744709791.0
2022-05-05,3.6,11008298772.0
2022-05-06,3.5,10974211995.0
2022-05-07,3.5,10736517627.0
2022-05-08,3.6,10375445969.0
2022-05-09,3.5,9406769875.0
2022-05-10,3.6,9506069560.0
2022-05-11,3.6,8714550420.0
2022-05-12,3.6,7857787286.0
2022-05-13,3.6,8459868374.0
2022-05-14,3.6,8307436489.0
2022-05-15,3.7,8869252957.0
2022-05-16,3.7,8406513502.0
2022-05-17,3.7,8601108016.0
2022-05-18,3.8,8072321130.0
2022-05-19,3.8,8305322669.0
2022-05-20,3.8,8110663532.0
2022-05-21,3.8,8093785039.0
2022-05-22,3.9,8299480469.0
2022-05-23,3.9,8130648910.0
2022-05-24,4.0,8144177342.0
2022-05-25,4.0,8076696769.0
2022-05-26,4.0,7549047867.0
2022-05-27,4.0,7162858310.0
2022-05-28,4.0,7329191226.0
2022-05-29,4.0,7403372675.0
2022-05-30,4.0,8190730072.0
2022-05-31,4.0,8040565588.0
2022-06-01,4.0,7457563960.0
2022-06-02,4.0,7529727017.0
2022-06-03,4.0,7361895607.0
2022-06-04,4.0,7371970157.0
2022-06-05,4.0,7462010533.0
2022-06-06,4.0,7693058781.0
2022-06-07,4.0,7602537682.0
2022-06-08,4.0,7423014605.0
2022-06-09,4.0,7365761144.0
2022-06-10,4.0,6693572071.0
2022-06-11,4.0,6292245541.0
2022-06-12,4.0,6013418620.0
2022-06-13,4.0,5020855492.0
2022-06-14,4.0,4739191219.0
2022-06-15,4.0,4881295771.0
2022-06-16,4.0,4394576092.0
2022-06-17,4.0,4282944265.0
2022-06-18,4.0,3874088251.0
2022-06-19,3.9,4520906774.0
2022-06-20,4.0,4367053109.0
2022-06-21,4.0,4507593430.0
2022-06-22,4.0,4217562775.0
2022-06-23,4.0,4567417615.0
2022-06-24,4.0,5021163436.0
2022-06-25,4.0,5081069509.0
2022-06-26,4.0,5004523357.0
2022-06-27,3.9,4955876828.0
2022-06-28,4.0,4732321593.0
2022-06-29,4.0,4539445148.0
2022-06-30,4.0,4210439330.0
2022-07-01,3.9,4359975792.0
2022-07-02,4.0,4380939233.0
2022-07-03,3.9,4409746992.0
2022-07-04,3.9,4680798883.0
2022-07-05,3.9,4713828842.0
2022-07-06,3.9,4837109739.0
2022-07-07,4.0,5106471304.0
2022-07-08,4.0,5099925900.0
2022-07-09,4.0,5033724248.0
2022-07-10,4.0,4808943414.0
2022-07-11,4.0,4591925326.0
2022-07-12,4.0,4263669067.0
2022-07-13,3.9,4443090874.0
2022-07-14,3.9,4842711111.0
2022-07-15,3.9,5139344218.0
2022-07-16,4.0,5555425744.0
2022-07-17,3.9,5625899824.0
2022-07-18,3.9,6263863454.0
2022-07-19,3.9,6518463985.0
2022-07-20,3.9,6472259510.0
2022-07-21,3.9,6607042649.0
2022-07-22,3.9,6416905210.0
2022-07-23,3.9,6353671405.0
2022-07-24,3.9,6761689534.0
2022-07-25,3.9,6240665157.0
2022-07-26,4.0,5865846166.0
2022-07-27,3.9,6777984956.0
2022-07-28,4.0,7232897604.0
2022-07-29,3.9,7174806109.0
2022-07-30,3.9,6977484593.0
2022-07-31,3.9,7014586564.0
2022-08-01,3.9,6724669519.0
2022-08-02,3.9,6890613466.0
2022-08-03,3.9,6776873887.0
2022-08-04,3.9,6713444566.0
2022-08-05,3.9,6908542490.0
2022-08-06,3.9,7458717544.0
2022-08-07,3.9,7217877591.0
2022-08-08,3.9,7304205552.0
2022-08-09,3.9,6995633859.0
2022-08-10,3.9,7634852552.0
2022-08-11,3.9,7843828625.0
2022-08-12,3.9,8011739284.0
2022-08-13,3.9,8303910199.0
2022-08-14,3.9,8098077400.0
2022-08-15,3.9,7960091878.0
2022-08-16,3.9,7812960907.0
2022-08-17,3.9,7684345027.0
2022-08-18,3.9,7788872430.0
2022-08-19,3.9,6860332450.0
2022-08-20,3.9,6583547617.0
2022-08-21,3.9,6683229695.0
2022-08-22,3.9,6580044165.0
2022-08-23,3.9,6909594160.0
2022-08-24,3.9,6948100964.0
2022-08-25,3.9,7123541693.0
2022-08-26,3.8,6488054486.0
2022-08-27,3.9,6177416420.0
2022-08-28,3.9,6114311812.0
2022-08-29,3.9,6443174944.0
2022-08-30,3.9,6427031104.0
2022-08-31,3.9,6576566695.0
2022-09-01,3.9,6612139651.0
2022-09-02,3.9,6580468626.0
2022-09-03,3.9,6469124569.0
2022-09-04,3.9,6542640230.0
2022-09-05,3.9,6643226253.0
2022-09-06,3.8,6520763538.0
2022-09-07,3.5,6763332373.0
2022-09-08,3.8,6786851272.0
2022-09-09,3.8,7168583666.0
2022-09-10,3.8,7351359379.0
2022-09-11,3.8,7286655809.0
2022-09-12,3.8,7192081392.0
2022-09-13,3.8,6632054366.0
2022-09-14,3.8,6698034102.0
2022-09-15,4.0,6383348324.0
2022-09-16,5.5,6152550787.0
2022-09-17,4.8,6248868873.0
2022-09-18,4.6,5723155462.0
2022-09-19,5.3,5932865782.0
2022-09-20,4.9,5697552372.0
2022-09-21,5.3,5300665049.0
2022-09-22,5.2,5677021743.0
2022-09-23,5.0,5762440019.0
2022-09-24,5.0,5715230579.0
2022-09-25,4.7,5616952047.0
2022-09-26,5.1,5749704257.0
2022-09-27,5.5,5776603773.0
2022-09-28,5.6,5843639254.0
2022-09-29,5.4,5843185343.0
2022-09-30,5.6,5801648031.0
2022-10-01,5.4,5751410711.0
2022-10-02,5.1,5716507295.0
2022-10-03,5.2,5773325745.0
2022-10-04,5.0,5952964141.0
2022-10-05,5.3,5920188192.0
2022-10-06,5.7,5943018896.0
2022-10-07,5.0,5854806263.0
2022-10-08,5.8,5760214894.0
2022-10-09,4.7,5805945106.0
2022-10-10,5.0,5682810416.0
2022-10-11,5.2,5634787546.0
2022-10-12,4.9,5726380785.0
2022-10-13,5.1,5702727849.0
2022-10-14,6.2,5696341566.0
2022-10-15,5.0,5630081851.0
2022-10-16,5.0,5785844872.0
2022-10-17,5.0,5874054170.0
2022-10-18,5.9,5811321656.0
2022-10-19,5.5,5743039452.0
2022-10-20,6.3,5700698685.0
2022-10-21,5.7,5785676210.0
2022-10-22,5.6,5863410016.0
2022-10-23,5.0,6018734656.0
2022-10-24,5.0,6022969192.0
2022-10-25,5.0,6625011130.0
2022-10-26,6.1,7016639524.0
2022-10-27,5.8,6923039371.0
2022-10-28,5.4,7102693764.0
2022-10-29,5.3,7467958839.0
2022-10-30,5.3,7351125624.0
2022-10-31,5.0,7210064108.0
2022-11-01,5.3,7325844573.0
2022-11-02,5.3,7054992160.0
2022-11-03,5.8,7159502067.0
2022-11-04,6.2,7673028495.0
2022-11-05,5.3,7645207753.0
2022-11-06,4.6,7535123379.0
2022-11-07,5.0,7438152760.0
2022-11-08,5.9,6202171997.0
2022-11-09,5.9,5180491530.0
2022-11-10,6.9,6177737971.0
2022-11-11,6.9,5916676591.0
2022-11-12,6.9,5847547893.0
2022-11-13,10.2,5705998188.0
2022-11-14,10.2,5718763865.0
2022-11-15,10.1,5830867018.0
2022-11-16,9.7,5660194496.0
2022-11-17,5.5,5667059854.0
2022-11-18,5.2,5662140339.0
2022-11-19,4.8,5732534871.0
2022-11-20,5.3,5419250524.0
2022-11-21,5.3,5274056690.0
2022-11-22,5.4,5293241478.0
2022-11-23,6.3,5481722310.0
2022-11-24,4.9,5578991151.0
2022-11-25,4.9,5617013869.0
2022-11-26,7.7,5666576564.0
2022-11-27,4.4,5702807364.0
2022-11-28,5.0,5517604288.0
2022-11-29,4.8,5759108457.0
2022-11-30,4.7,6084415198.0
2022-12-01,4.8,6026474714.0
2022-12-02,5.0,6101101000.0
2022-12-03,4.6,5882960738.0
2022-12-04,4.6,6036426806.0
2022-12-05,4.4,5944511613.0
2022-12-06,4.5,5923663119.0
2022-12-07,4.7,5827050199.0
2022-12-08,5.0,6049820121.0
2022-12-09,4.8,5974703310.0
2022-12-10,4.5,6028613481.0
2022-12-11,4.1,6012390465.0
2022-12-12,4.7,6053352028.0
2022-12-13,4.8,6265841246.0
2022-12-14,4.9,6225856615.0
2022-12-15,4.7,6023963845.0
2022-12-16,5.0,5685196904.0
2022-12-17,5.4,5607159373.0
2022-12-18,4.6,5631285759.0
2022-12-19,4.3,5605513021.0
2022-12-20,4.9,5795643490.0
2022-12-21,4.5,5793974294.0
2022-12-22,4.8,5798852544.0
2022-12-23,5.4,5826358459.0
2022-12-24,4.3,5824037691.0
2022-12-25,4.0,5800184754.0
2022-12-26,4.4,5819302332.0
2022-12-27,4.4,5789730094.0
2022-12-28,4.6,5669249698.0
2022-12-29,4.3,5718227732.0
2022-12-30,4.3,5737019199.0
2022-12-31,4.5,5722356688.0
2023-01-01,4.2,5741314254.0
2023-01-02,4.4,5832839417.0
2023-01-03,4.6,5798284845.0
2023-01-04,4.9,5998752856.0
2023-01-05,5.5,6002995483.0
2023-01-06,4.5,6072713110.0
2023-01-07,4.5,6083815367.0
2023-01-08,4.2,6101687202.0
2023-01-09,5.2,6371375334.0
2023-01-10,4.7,6450965311.0
2023-01-11,4.4,6481266893.0
2023-01-12,5.3,6850557186.0
2023-01-13,5.5,6985216931.0
2023-01-14,6.0,7415052776.0
2023-01-15,4.8,7515309583.0
2023-01-16,5.0,7662579723.0
2023-01-17,5.0,7671843598.0
2023-01-18,4.9,7437888933.0
2023-01-19,5.5,7570885159.0
2023-01-20,4.5,8081665298.0
2023-01-21,5.3,8089146659.0
2023-01-22,4.6,7966751218.0
2023-01-23,4.6,8125797506.0
2023-01-24,5.0,7787599145.0
2023-01-25,5.4,8036826105.0
2023-01-26,5.0,7990514125.0
2023-01-27,5.7,7980089286.0
2023-01-28,4.6,7825398568.0
2023-01-29,4.4,8222577842.0
2023-01-30,4.6,7788301946.0
2023-01-31,4.8,7888142136.0
2023-02-01,4.7,8215408628.0
2023-02-02,5.1,8306017890.0
2023-02-03,5.0,8321479253.0
2023-02-04,5.0,8455770307.0
2023-02-05,4.6,8259229000.0
2023-02-06,4.6,8299876201.0
2023-02-07,5.0,8426802837.0
2023-02-08,5.1,8334264841.0
2023-02-09,5.4,7839454933.0
2023-02-10,5.1,7681386223.0
2023-02-11,4.8,7769949290.0
2023-02-12,4.4,7657049802.0
2023-02-13,5.0,7574235205.0
2023-02-14,4.8,7916797626.0
2023-02-15,6.5,8504350968.0
2023-02-16,5.3,8610763753.0
2023-02-17,5.0,8626600457.0
2023-02-18,5.4,8695335093.0
2023-02-19,5.0,8689677236.0
2023-02-20,4.9,8805981338.0
2023-02-21,5.0,8518937163.0
2023-02-22,5.3,8433148902.0
2023-02-23,5.0,8543493058.0
2023-02-24,4.7,8334585062.0
2023-02-25,4.5,8501429801.0
2023-02-26,4.1,8975443870.0
2023-02-27,4.0,9157302947.0
2023-02-28,4.6,9119343201.0
2023-03-01,4.4,9392012530.0
2023-03-02,4.8,9357036499.0
2023-03-03,5.2,8892671081.0
2023-03-04,4.4,8893195751.0
2023-03-05,4.4,8949243946.0
2023-03-06,4.2,8951541051.0
2023-03-07,5.0,8854505893.0
2023-03-08,4.6,8887470447.0
2023-03-09,4.5,8296217480.0
2023-03-10,5.4,8156017042.0
2023-03-11,6.2,8444113663.0
2023-03-12,6.2,8901295766.0
2023-03-13,6.7,9668155721.0
2023-03-14,6.6,9817252564.0
2023-03-15,6.6,9584519671.0
2023-03-16,6.7,9677336666.0
2023-03-17,7.1,10229989095.0
2023-03-18,6.4,10353695377.0
2023-03-19,5.6,10516009677.0
2023-03-20,5.9,10243387759.0
2023-03-21,5.5,10485051230.0
2023-03-22,5.4,10071707518.0
2023-03-23,5.3,10630295091.0
2023-03-24,5.2,10226382797.0
2023-03-25,5.0,10168213566.0
2023-03-26,5.0,10323628746.0
2023-03-27,4.4,10061552075.0
2023-03-28,4.5,10389190920.0
2023-03-29,4.5,10601059651.0
2023-03-30,4.5,10547319332.0
2023-03-31,4.5,10747720943.0
2023-04-01,4.5,10730333898.0
2023-04-02,4.5,10521211443.0
2023-04-03,4.4,10644717155.0
2023-04-04,4.3,11061158560.0
2023-04-05,4.3,11281430579.0
2023-04-06,4.2,11015495421.0
2023-04-07,4.2,10972797807.0
2023-04-08,4.1,10956038463.0
2023-04-09,4.7,10990326485.0
2023-04-10,4.7,11164927923.0
2023-04-11,4.7,11215594575.0
2023-04-12,4.8,11325762663.0
2023-04-13,4.7,11939247779.0
2023-04-14,4.9,12548948812.0
2023-04-15,4.8,12487763395.0
2023-04-16,4.3,12775329334.0
2023-04-17,4.3,12503331778.0
2023-04-18,4.4,12625056127.0
2023-04-19,4.6,11943749104.0
2023-04-20,4.8,11805390053.0
2023-04-21,5.0,11206169357.0
2023-04-22,5.0,11469532739.0
2023-04-23,5.0,11301073938.0
2023-04-24,5.1,11250425168.0
2023-04-25,5.1,11476878109.0
2023-04-26,5.0,11522541503.0
2023-04-27,4.8,11811904152.0
2023-04-28,4.7,11734602500.0
2023-04-29,4.7,11809665804.0
2023-04-30,4.6,11754875552.0
2023-05-01,4.8,11344653069.0
2023-05-02,5.0,11687973403.0
2023-05-03,5.2,11969580364.0
2023-05-04,5.3,11794145002.0
2023-05-05,5.4,12532452557.0
2023-05-06,5.9,11998718795.0
2023-05-07,6.2,12201079873.0
2023-05-08,6.6,11769283018.0
2023-05-09,6.7,11825891141.0
2023-05-10,6.7,11953720722.0
2023-05-11,6.8,11656973663.0
2023-05-12,7.0,11926857913.0
2023-05-13,6.7,11947345907.0
2023-05-14,6.4,11960230620.0
2023-05-15,6.0,12186064417.0
2023-05-16,5.9,12271773774.0
2023-05-17,5.7,11509657914.0
2023-05-18,5.4,11512913999.0
2023-05-19,5.2,11622635652.0
2023-05-20,5.1,11683964977.0
2023-05-21,5.0,11707397228.0
2023-05-22,5.0,11884917368.0
2023-05-23,5.0,12299306752.0
2023-05-24,4.9,12012717117.0
2023-05-25,4.9,12094563155.0
2023-05-26,4.9,12354788390.0
2023-05-27,4.8,12394229250.0
2023-05-28,4.8,12906011156.0
2023-05-29,4.9,12910780073.0
2023-05-30,4.8,13128762485.0
2023-05-31,4.8,12955174289.0
2023-06-01,4.7,13071758573.0
2023-06-02,4.7,13406397464.0
2023-06-03,4.5,13329420114.0
2023-06-04,4.4,13436235271.0
2023-06-05,4.3,12777545228.0
2023-06-06,4.3,13330807337.0
2023-06-07,4.2,13116024434.0
2023-06-08,4.1,13244774774.0
2023-06-09,4.0,13143672743.0
2023-06-10,4.1,12479075978.0
2023-06-11,4.1,12650513614.0
2023-06-12,4.0,12478581646.0
2023-06-13,4.0,12498252783.0
2023-06-14,3.9,11866758375.0
2023-06-15,3.9,12010401879.0
2023-06-16,3.9,12418632612.0
2023-06-17,3.9,12505620867.0
2023-06-18,3.8,12493032406.0
2023-06-19,3.8,12621688752.0
2023-06-20,3.8,12984451451.0
2023-06-21,3.8,13752738422.0
2023-06-22,3.8,13834205696.0
2023-06-23,3.8,14065085143.0
2023-06-24,3.8,13825125038.0
2023-06-25,3.8,14016611414.0
2023-06-26,3.8,13746433412.0
2023-06-27,3.8,14054944171.0
2023-06-28,3.8,13631640138.0
2023-06-29,3.8,13797869759.0
2023-06-30,3.8,14446229235.0
2023-07-01,3.9,14437758759.0
2023-07-02,3.9,14480416884.0
2023-07-03,4.0,14759097741.0
2023-07-04,4.0,14634764718.0
2023-07-05,4.0,14432378897.0
2023-07-06,4.0,14198927725.0
2023-07-07,4.0,14216155100.0
2023-07-08,3.9,14121987232.0
2023-07-09,3.8,14203080552.0
2023-07-10,3.9,14243286678.0
2023-07-11,3.9,14305730228.0
2023-07-12,3.9,14340151412.0
2023-07-13,3.9,15192588065.0
2023-07-14,3.9,14830794114.0
2023-07-15,3.8,14925024548.0
2023-07-16,3.8,14965006791.0
2023-07-17,3.9,14839930668.0
2023-07-18,3.8,14712713056.0
2023-07-19,3.9,14660569996.0
2023-07-20,3.9,14710232209.0
2023-07-21,3.9,14718966304.0
2023-07-22,3.9,14675034133.0
2023-07-23,3.9,14711605371.0
2023-07-24,4.0,14457906517.0
2023-07-25,4.0,14602116521.0
2023-07-26,4.0,14690398972.0
2023-07-27,4.0,14638936418.0
2023-07-28,4.0,14814675532.0
2023-07-29,4.0,14875188675.0
2023-07-30,4.0,14726044189.0
2023-07-31,4.2,14750409517.0
2023-08-01,4.2,14700687625.0
2023-08-02,4.2,14655377239.0
2023-08-03,4.1,14600270151.0
2023-08-04,4.1,14610943720.0
2023-08-05,4.1,14641436248.0
2023-08-06,4.0,14591279620.0
2023-08-07,4.1,14573818750.0
2023-08-08,3.8,14882313505.0
2023-08-09,3.8,14841597468.0
2023-08-10,3.8,14893548365.0
2023-08-11,3.8,14862647590.0
2023-08-12,3.8,14939188588.0
2023-08-13,3.8,14992833491.0
2023-08-14,3.8,14934294403.0
2023-08-15,3.8,14851919166.0
2023-08-16,3.8,14700077357.0
2023-08-17,3.8,13374099524.0
2023-08-18,4.0,13578011052.0
2023-08-19,4.0,13679202464.0
2023-08-20,4.0,13815533540.0
2023-08-21,4.1,13803739456.0
2023-08-22,4.0,13395928704.0
2023-08-23,4.0,13672815226.0
2023-08-24,4.0,13824935039.0
2023-08-25,4.0,13822755099.0
2023-08-26,3.8,13836636769.0
2023-08-27,3.7,13881530102.0
2023-08-28,3.8,13934257171.0
2023-08-29,3.8,14722074923.0
2023-08-30,3.8,14513329111.0
2023-08-31,3.8,14032180979.0
2023-09-01,3.8,13876886142.0
2023-09-02,3.7,13958824315.0
2023-09-03,3.7,13975919695.0
2023-09-04,3.7,13866748080.0
2023-09-05,3.7,13967571000.0
2023-09-06,3.6,13970318633.0
2023-09-07,3.6,14169315704.0
2023-09-08,3.6,14045647489.0
2023-09-09,3.6,14049050925.0
2023-09-10,3.7,13955271543.0
2023-09-11,3.7,13343453068.0
2023-09-12,3.8,13785248596.0
2023-09-13,3.8,13879950122.0
2023-09-14,3.7,14057594564.0
2023-09-15,3.7,14114960131.0
2023-09-16,3.6,14153368317.0
2023-09-17,3.6,13981493703.0
2023-09-18,3.6,14215283214.0
2023-09-19,3.6,14264640206.0
2023-09-20,3.6,14128241306.0
2023-09-21,3.6,13789892101.0
2023-09-22,3.6,13884326230.0
2023-09-23,3.6,13895682649.0
2023-09-24,3.5,13851150619.0
2023-09-25,3.6,13835568829.0
2023-09-26,3.6,13885590804.0
2023-09-27,3.6,13949989210.0
2023-09-28,3.5,14428202205.0
2023-09-29,3.5,14605671694.0
2023-09-30,3.5,14719874125.0
2023-10-01,3.5,14734203793.0
2023-10-02,3.5,14542703895.0
2023-10-03,3.6,14533845697.0
2023-10-04,3.6,14510015876.0
2023-10-05,3.6,14270638483.0
2023-10-06,3.6,14579420437.0
2023-10-07,3.5,14398705958.0
2023-10-08,3.5,14447474416.0
2023-10-09,3.4,13935228582.0
2023-10-10,3.4,13815001735.0
2023-10-11,3.3,13785380058.0
2023-10-12,3.3,13560728740.0
2023-10-13,3.3,13757708256.0
2023-10-14,3.3,13744564559.0
2023-10-15,3.3,13767392070.0
2023-10-16,3.3,14056132064.0
2023-10-17,3.4,13782074757.0
2023-10-18,3.5,13774496019.0
2023-10-19,3.6,13816376626.0
2023-10-20,3.6,14204594946.0
2023-10-21,3.6,14407011457.0
2023-10-22,3.7,14472835509.0
2023-10-23,3.7,15112944899.0
2023-10-24,3.8,15623606476.0
2023-10-25,3.6,15746769109.0
2023-10-26,3.7,15859313343.0
2023-10-27,3.7,15637891985.0
2023-10-28,3.8,15651387910.0
2023-10-29,3.8,15843353945.0
2023-10-30,3.8,15917609456.0
2023-10-31,3.8,15931207535.0
2023-11-01,3.8,16279550913.0
2023-11-02,3.8,15988110784.0
2023-11-03,3.8,16175225139.0
2023-11-04,3.7,16326288774.0
2023-11-05,3.7,16675754548.0
2023-11-06,3.7,16899011451.0
2023-11-07,3.7,16809888837.0
2023-11-08,3.7,16903230076.0
2023-11-09,3.6,18640962840.0
2023-11-10,3.8,18713957645.0
2023-11-11,3.8,18273188666.0
2023-11-12,3.9,18443652875.0
2023-11-13,3.9,18457953119.0
2023-11-14,4.0,17697307875.0
2023-11-15,4.0,18335659005.0
2023-11-16,4.0,17513987382.0
2023-11-17,3.9,17376767659.0
2023-11-18,3.8,17570301953.0
2023-11-19,3.8,17820820683.0
2023-11-20,3.7,18196890837.0
2023-11-21,3.7,17814285819.0
2023-11-22,3.6,19035437320.0
2023-11-23,3.6,19007306629.0
2023-11-24,3.6,19008647949.0
2023-11-25,3.6,19173980973.0
2023-11-26,3.6,19086277361.0
2023-11-27,3.6,18601498706.0
2023-11-28,3.6,19044134257.0
2023-11-29,3.7,18785240361.0
2023-11-30,3.6,18977490523.0
2023-12-01,3.6,19400421889.0
2023-12-02,3.6,19993358398.0
2023-12-03,3.6,19999059999.0
2023-12-11,3.8,19898974103.0
2023-12-13,3.8,19996427138.0
2023-12-18,3.8,19981707761.0
2023-12-19,3.8,19957938936.0
2023-12-20,3.8,19936499423.0
2023-12-21,3.8,19989978863.0
2023-12-26,3.6,19972627403.0
2024-01-07,3.1,20603031243.0
2024-01-08,3.3,21702077217.0
2024-01-09,3.5,21511050786.0
2024-01-10,4.0,23494154968.0
2024-01-11,3.9,24326480765.0
2024-01-12,3.3,23120204457.0
2024-01-13,3.5,23924527266.0
2024-01-14,3.3,23471325505.0
2024-01-15,3.3,23531312308.0
2024-01-16,3.6,24254117547.0
2024-01-17,3.5,23424673089.0
2024-01-18,3.4,22893966753.0
2024-01-19,4.5,23159085894.0
2024-01-20,3.3,22987318068.0
2024-01-21,3.1,23036834477.0
2024-01-22,3.2,21763237201.0
2024-01-23,3.8,20616051080.0
2024-01-24,3.2,20752318830.0
2024-01-25,3.3,20815494202.0
2024-01-26,3.6,21119276969.0
2024-01-27,3.5,21259147600.0
2024-01-28,3.2,21205990693.0
2024-01-29,3.1,21678645386.0
2024-01-30,3.3,22331470467.0
2024-01-31,3.5,21403505916.0
2024-02-01,3.5,21752922635.0
2024-02-02,3.3,21805522279.0
2024-02-03,3.5,21800358025.0
2024-02-04,3.0,21839623933.0
2024-02-05,3.0,21732987500.0
2024-02-06,3.3,22646544525.0
2024-02-07,3.443,23175974515.0
2024-02-08,3.792,23182873437.0
2024-02-09,3.88,24068585114.0
2024-02-10,3.641,24053720528.0
2024-02-11,3.336,24053730354.0
2024-02-12,3.352,25451982026.0
2024-02-13,4.275,25424531525.0
2024-02-14,3.562,27049017481.0
2024-02-15,3.279,27309705308.0
2024-02-16,3.778,27263988634.0
2024-02-17,3.126,27294369118.0
2024-02-18,3.127,27997797029.0
2024-02-19,3.263,29065348699.0
2024-02-20,3.363,29251788734.0
2024-02-21,3.466,28614502893.0
2024-02-22,3.468,29230175612.0
2024-02-23,3.415,28829373369.0
2024-02-24,3.467,29277853064.0
2024-02-25,3.148,30502625248.0
2024-02-26,3.262,31196506470.0
2024-02-27,3.472,31861958743.0
2024-02-28,3.426,32724017868.0
2024-02-29,3.7,32738825734.0
2024-03-01,3.336,33744163658.0
2024-03-02,3.49,33521374470.0
2024-03-03,3.294,34165505427.0
2024-03-04,3.449,34789324383.0
2024-03-05,3.836,34181903127.0
2024-03-06,4.13,37810693355.0
2024-03-07,3.904,38177828703.0
2024-03-08,3.523,38509199913.0
2024-03-09,3.521,38499907781.0
2024-03-10,3.404,38092100891.0
2024-03-11,3.586,40127551638.0
2024-03-12,3.677,38802967969.0
2024-03-13,3.644,39231372318.0
2024-03-14,3.438,37938616956.0
2024-03-15,3.691,36154873244.0
2024-03-16,3.225,34614117838.0
2024-03-17,3.311,35562183841.0
2024-03-18,3.125,34388397375.0
2024-03-19,3.954,31527947352.0
2024-03-20,3.415,34346162385.0
2024-03-21,3.422,34243203973.0
2024-03-22,3.219,32076695829.0
2024-03-23,3.345,32991205180.0
2024-03-24,3.015,33454878812.0
2024-03-25,3.165,34915326033.0
2024-03-26,3.467,34702003833.0
2024-03-27,3.255,33885814744.0
2024-03-28,3.186,34427611674.0
2024-03-29,3.299,33672616598.0
2024-03-30,3.119,33907787038.0
2024-03-31,3.07,35114644706.0
2024-04-01,3.127,33670763638.0
2024-04-02,3.501,31175779818.0
2024-04-03,3.413,31442373725.0
2024-04-04,3.384,31769947323.0
2024-04-05,3.489,31829397101.0
2024-04-06,3.347,31913090574.0
2024-04-07,3.041,32443916249.0
2024-04-08,3.148,35126869237.0
2024-04-09,3.22,33276151304.0
2024-04-10,3.36,33065845586.0
2024-04-11,3.45,32973417956.0
2024-04-12,3.146,30223893379.0
2024-04-13,4.31,27507790373.0
2024-04-14,4.436,29603525849.0
2024-04-15,3.101,29020898814.0
2024-04-16,3.551,29035947410.0
2024-04-17,3.191,28211076305.0
2024-04-18,3.237,28674723530.0
2024-04-19,3.295,28811666039.0
2024-04-20,3.173,29433218852.0
2024-04-21,2.94,29335706943.0
2024-04-22,3.058,29906775524.0
2024-04-23,3.098,30004411402.0
2024-04-24,3.742,29366085501.0
2024-04-25,3.293,29750078559.0
2024-04-26,3.058,29399844844.0
2024-04-27,3.004,30259833329.0
2024-04-28,2.942,30888607086.0
2024-04-29,3.031,29863072008.0
2024-04-30,3.046,27877082840.0
2024-05-01,3.31,27684411734.0
2024-05-02,3.103,28080831828.0
2024-05-03,2.934,29054286667.0
2024-05-04,2.999,29190217620.0
2024-05-05,2.829,29277399792.0
2024-05-06,2.887,28826959941.0
2024-05-07,2.922,28483572707.0
2024-05-08,2.955,27771200544.0
2024-05-09,2.91,28263829653.0
2024-05-10,2.934,27131548445.0
2024-05-11,2.894,27325475523.0
2024-05-12,2.812,27368608800.0
2024-05-13,2.888,27635739808.0
2024-05-14,3.087,27107555090.0
2024-05-15,2.997,28237127744.0
2024-05-16,3.043,27494295812.0
2024-05-17,2.906,28917923715.0
2024-05-18,2.776,29119269053.0
2024-05-19,2.853,28579330260.0
2024-05-20,2.88,34170060889.0
2024-05-21,3.936,35021996587.0
2024-05-22,3.183,34959045610.0
2024-05-23,3.191,35401832827.0
2024-05-24,4.24,34713288127.0
2024-05-25,3.022,34745485827.0
2024-05-26,2.959,35702895399.0
2024-05-27,3.103,36093901178.0
2024-05-28,3.222,36232785916.0
2024-05-29,3.151,35742418096.0
2024-05-30,3.237,35585717621.0
2024-05-31,3.275,35918322227.0
2024-06-01,3.131,36097095928.0
2024-06-02,3.15,35927306227.0
2024-06-03,3.266,35796738203.0
2024-06-04,3.179,36265529170.0
2024-06-05,3.258,36717862224.0
2024-06-06,3.499,36146875321.0
2024-06-07,3.372,35111188709.0
2024-06-08,3.319,34985076582.0
2024-06-09,3.044,35269566359.0
2024-06-10,3.242,34867335185.0
2024-06-11,3.577,33191496875.0
2024-06-12,3.263,33937043617.0
2024-06-13,3.674,33064632708.0
2024-06-14,3.073,33233388091.0
2024-06-15,3.126,33920186365.0
2024-06-16,2.956,34676399878.0
2024-06-17,2.945,33655561943.0
2024-06-18,3.203,33087509211.0
2024-06-19,3.005,34056850368.0
2024-06-20,3.096,33694429852.0
2024-06-21,2.989,33631149101.0
2024-06-22,2.88,33641774470.0
2024-06-23,2.947,32931721024.0
2024-06-24,3.007,32245121469.0
2024-06-25,3.044,32929269169.0
2024-06-26,2.966,32610176370.0
2024-06-27,2.979,33385636816.0
2024-06-28,3.133,32815057609.0
2024-06-29,2.822,32852223529.0
2024-06-30,2.788,33153014476.0
2024-07-01,2.997,33592760514.0
2024-07-02,2.975,33207938753.0
2024-07-03,3.04,32155306107.0
2024-07-04,3.401,30575326637.0
2024-07-05,4.085,28946851048.0
2024-07-06,3.033,29829267656.0
2024-07-07,2.836,28707713574.0
2024-07-08,2.92,29320772502.0
2024-07-09,2.969,29708773971.0
2024-07-10,3.051,30098156877.0
2024-07-11,2.999,30083038990.0
2024-07-12,3.055,30256851311.0
2024-07-13,2.901,30746685796.0
2024-07-14,2.912,31559879989.0
2024-07-15,2.916,33708952986.0
2024-07-16,3.067,33545418897.0
2024-07-17,3.141,33267405570.0
2024-07-18,3.337,33315420925.0
2024-07-19,3.144,34329444700.0
2024-07-20,2.886,34349451980.0
2024-07-21,2.83,34657037998.0
2024-07-22,3.118,33863421471.0
2024-07-23,2.994,34011347816.0
2024-07-24,2.951,32727809648.0
2024-07-25,2.995,31148432962.0
2024-07-26,2.933,32184436314.0
2024-07-27,2.812,32273494149.0
2024-07-28,3.023,31966780834.0
2024-07-29,2.811,32731678257.0
2024-07-30,2.913,32188713549.0
2024-07-31,2.993,31753650141.0
2024-08-01,3.034,31248706790.0
2024-08-02,3.005,29510514082.0
2024-08-03,3.049,28571203677.0
2024-08-04,2.925,26863039524.0
2024-08-05,9.908,23855331817.0
2024-08-06,3.574,24430382356.0
2024-08-07,3.022,22954418642.0
2024-08-08,3.074,25962923466.0
2024-08-09,3.078,25538757180.0
2024-08-10,2.918,25611210981.0
2024-08-11,2.75,25419838600.0
2024-08-12,2.987,26396528905.0
2024-08-13,3.016,26677412367.0
2024-08-14,2.951,25897682010.0
2024-08-15,2.998,25184241819.0
2024-08-16,2.921,25556007698.0
2024-08-17,2.741,25662766301.0
2024-08-18,2.759,26064274337.0
2024-08-19,2.778,25744523870.0
2024-08-20,2.866,25377600560.0
2024-08-21,2.779,25879206560.0
2024-08-22,2.949,25747953553.0
2024-08-23,2.744,27343519292.0
2024-08-24,2.825,26912370857.0
2024-08-25,2.715,27231964611.0
2024-08-26,2.731,26268489415.0
2024-08-27,2.785,23919155785.0
2024-08-28,3.13,24701735332.0
2024-08-29,2.773,24748840465.0
2024-08-30,2.88,24711796261.0
2024-08-31,2.683,24648430075.0
2024-09-01,2.674,23767039406.0
2024-09-02,2.751,24914851835.0
2024-09-03,2.972,24087711312.0
2024-09-04,2.906,24164509872.0
2024-09-05,3.019,23290537236.0
2024-09-06,2.948,21680185840.0
2024-09-07,3.943,22250182735.0
2024-09-08,2.755,22631599038.0
2024-09-09,2.904,23115283807.0
2024-09-10,3.022,23344514453.0
2024-09-11,3.017,22861589904.0
2024-09-12,2.896,22957976116.0
2024-09-13,2.875,23937247640.0
2024-09-14,2.859,23615098451.0
2024-09-15,2.811,22939025457.0
2024-09-16,3.155,22286481674.0
2024-09-17,2.939,22830699435.0
2024-09-18,3.113,22815692912.0
2024-09-19,3.261,24005713552.0
2024-09-20,3.278,24874676396.0
2024-09-21,3.302,25005163960.0
2024-09-22,3.173,25130250992.0
2024-09-23,3.19,25844049999.0
2024-09-24,3.209,25992362970.0
2024-09-25,3.171,25223942683.0
2024-09-26,3.124,25882496914.0
2024-09-27,3.233,26516820363.0
2024-09-28,2.968,26222189293.0
2024-09-29,2.877,25985543935.0
2024-09-30,2.959,25560791739.0
2024-10-01,3.025,24082372334.0
2024-10-02,3.063,23357199334.0
2024-10-03,3.021,23014324628.0
2024-10-04,2.949,23745044916.0
2024-10-05,2.882,23630402140.0
2024-10-06,2.976,23787873333.0
2024-10-07,3.051,23644264006.0
2024-10-08,3.358,23840952331.0
2024-10-09,3.431,23043001012.0
2024-10-10,3.149,23094808364.0
2024-10-11,3.188,23816397990.0
2024-10-12,3.062,24129105261.0
2024-10-13,3.085,24066158590.0
2024-10-14,3.183,25707294338.0
2024-10-15,3.08,25389227061.0
2024-10-16,3.018,25637911080.0
2024-10-17,2.977,25414333486.0
2024-10-18,2.975,25758078603.0
2024-10-19,2.894,25788468831.0
2024-10-20,2.833,26623435589.0
2024-10-21,2.835,26137349445.0
2024-10-22,2.974,25719663412.0
2024-10-23,2.934,24426217585.0
2024-10-24,2.95,24782171015.0
2024-10-25,2.97,23973588131.0
2024-10-26,2.925,24204811508.0
2024-10-27,2.818,24534483012.0
2024-10-28,2.769,25058243871.0
2024-10-29,2.946,25646894445.0
2024-10-30,2.994,25931084451.0
2024-10-31,2.916,24561133828.0
2024-11-01,3.176,24459410999.0
2024-11-02,2.836,24323422289.0
2024-11-03,2.868,24063736030.0
2024-11-04,2.868,23347094296.0
2024-11-05,2.933,23668012636.0
2024-11-06,3.217,26520046509.0
2024-11-07,3.002,28021205364.0
2024-11-08,3.031,29086536614.0
2024-11-09,3.103,30478858199.0
2024-11-10,2.923,31191231893.0
2024-11-11,3.057,32597301109.0
2024-11-12,3.47,31966821903.0
2024-11-13,3.142,31152381971.0
2024-11-14,3.524,30289196741.0
2024-11-15,3.218,30204008073.0
2024-11-16,3.027,30864520874.0
2024-11-17,2.923,30155667996.0
2024-11-18,2.915,30945709395.0
2024-11-19,3.033,30310831925.0
2024-11-20,3.033,30113280218.0
2024-11-21,2.985,33070140729.0
2024-11-22,3.044,32432798258.0
2024-11-23,2.978,33394590359.0
2024-11-24,3.01,32849261119.0
2024-11-25,2.905,33637513072.0
2024-11-26,2.996,32623884592.0
2024-11-27,2.96,35903173735.0
2024-11-28,2.909,35133585056.0
2024-11-29,2.807,35281699273.0
2024-11-30,2.804,36403092741.0
2024-12-01,2.793,36647561588.0
2024-12-02,2.946,35450104491.0
2024-12-03,3.113,35553300143.0
2024-12-04,3.145,38042144489.0
2024-12-05,2.996,37506409249.0
2024-12-06,3.34,39648039924.0
2024-12-07,2.894,39392112943.0
2024-12-08,2.781,39300530029.0
2024-12-09,2.857,36556593528.0
2024-12-10,3.413,35862802728.0
2024-12-11,3.037,37667315223.0
2024-12-12,2.925,37806016613.0
2024-12-13,2.898,38211965632.0
2024-12-14,2.797,37858056582.0
2024-12-15,2.762,38024218511.0
2024-12-16,2.856,39661401692.0
2024-12-17,2.868,37834965753.0
2024-12-18,2.858,36005647146.0
2024-12-19,2.97,33702040259.0
2024-12-20,3.278,33783903759.0
2024-12-21,2.926,32438677834.0
2024-12-22,2.899,31784266531.0
2024-12-23,2.861,33370048723.0
2024-12-24,2.824,33759610053.0
2024-12-25,2.743,33508349138.0
2024-12-26,2.752,32266644788.0
2024-12-27,2.821,32111611770.0
2024-12-28,2.762,32950731845.0
2024-12-29,2.743,32132479266.0
2024-12-30,2.753,32316292712.0
2024-12-31,2.963,32219799673.0
2025-01-01,2.849,32398716256.0
2025-01-02,2.991,33172489450.0
2025-01-03,2.904,34840087743.0
2025-01-04,2.872,35203568526.0
2025-01-05,2.808,35068959951.0
2025-01-06,2.85,35437930296.0
2025-01-07,2.926,32668055293.0
2025-01-08,3.017,31884772772.0
2025-01-09,2.954,30890782392.0
2025-01-10,2.931,31456620529.0
2025-01-11,2.759,31610835967.0
2025-01-12,2.7,31118082148.0
2025-01-13,3.113,29926823038.0
2025-01-14,2.984,30959407039.0
2025-01-15,2.857,32902268917.0
2025-01-16,2.898,31545466064.0
2025-01-17,2.892,33453282301.0
2025-01-18,2.981,31441520141.0
2025-01-19,3.164,30962794807.0
2025-01-20,3.472,31492388452.0
2025-01-21,3.428,31803851247.0
2025-01-22,2.919,31125511344.0
2025-01-23,2.843,31707919901.0
2025-01-24,4.191,31783590197.0
2025-01-25,2.803,31914833616.0
2025-01-26,2.735,31428284943.0
2025-01-27,3.075,30149637527.0
2025-01-28,2.906,29300827813.0
2025-01-29,2.799,29817112754.0
2025-01-30,2.881,30987994022.0
2025-01-31,2.797,31143457798.0
2025-02-01,2.825,29708656417.0
2025-02-02,2.768,27113145524.0
2025-02-03,11.773,27033316297.0
2025-02-04,3.31,25531413448.0
2025-02-05,3.032,26206613015.0
2025-02-06,2.817,25330796824.0
2025-02-07,2.922,24275250806.0
2025-02-08,2.848,24749917962.0
2025-02-09,2.706,24559063187.0
2025-02-10,2.857,25060988395.0
2025-02-11,2.807,24260932113.0
2025-02-12,2.813,25781716831.0
2025-02-13,2.956,25070054895.0
2025-02-14,2.851,25546959431.0
2025-02-15,2.688,25265227220.0
2025-02-16,2.65,25119239869.0
2025-02-17,2.765,25831733442.0
2025-02-18,2.944,25052336028.0
2025-02-19,2.785,25502091882.0
2025-02-20,2.722,25696853697.0
2025-02-21,2.739,24939857710.0
2025-02-22,3.013,26019595555.0
2025-02-23,2.737,26257774676.0
2025-02-24,2.792,23594781685.0
2025-02-25,4.108,23637489715.0
2025-02-26,2.982,22242318413.0
2025-02-27,3.14,21334863382.0
2025-02-28,4.079,20886541385.0
2025-03-01,2.849,20869805736.0
2025-03-02,2.764,23662814664.0
2025-03-03,3.33,20249116194.0
2025-03-04,3.615,20468588674.0
2025-03-05,3.112,20982072782.0
2025-03-06,2.875,20808405705.0
2025-03-07,3.053,19934083061.0
2025-03-08,2.95,20627774763.0
2025-03-09,2.718,18876325587.0
2025-03-10,3.064,17539127202.0
2025-03-11,4.851,18198547493.0
2025-03-12,3.602,17872120380.0
2025-03-13,2.825,17422495242.0
2025-03-14,2.811,17946296370.0
2025-03-15,2.794,18164216941.0
2025-03-16,2.714,17497436401.0
2025-03-17,2.688,18032973845.0
2025-03-18,2.793,17872525625.0
2025-03-19,2.873,19006836697.0
2025-03-20,2.93,18435321289.0
2025-03-21,2.741,18316718570.0
2025-03-22,2.668,18527091642.0
2025-03-23,2.664,18643354885.0
2025-03-24,2.669,19433883314.0
2025-03-25,2.704,19270593654.0
2025-03-26,2.689,18766002009.0
2025-03-27,2.749,18799065658.0
2025-03-28,3.019,17711261719.0
2025-03-29,2.812,17025405314.0
2025-03-30,2.765,16846136448.0
2025-03-31,2.743,17094090195.0
2025-04-01,2.787,17952621396.0
2025-04-02,2.761,16759164866.0
2025-04-03,2.993,16971584814.0
2025-04-04,2.852,17058197117.0
2025-04-05,2.782,16802467043.0
2025-04-06,2.663,14727451380.0
2025-04-07,7.349,14767720006.0
2025-04-08,3.122,13684256040.0
2025-04-09,3.293,15634304535.0
2025-04-10,3.337,14329384980.0
2025-04-11,3.161,14686609500.0
2025-04-12,2.886,15371179852.0
2025-04-13,2.843,14800445038.0
2025-04-14,2.976,15095512407.0
2025-04-15,2.832,14824285212.0
2025-04-16,2.836,14746875760.0
2025-04-17,2.787,14772271388.0
2025-04-18,2.722,14811149359.0
2025-04-19,2.667,15007587965.0
2025-04-20,2.684,14642724500.0
2025-04-21,2.749,14605475291.0
2025-04-22,2.814,16137659160.0
2025-04-23,3.161,16562611106.0
2025-04-24,2.913,16292327561.0
2025-04-25,2.801,16622848035.0
2025-04-26,2.763,16820457231.0
2025-04-27,2.692,16497553881.0
2025-04-28,2.705,16561024422.0
2025-04-29,2.825,16583597249.0
2025-04-30,2.825,16689319174.0
2025-05-02,2.733,16884915209.0
2025-05-03,2.672,16888061269.0
2025-05-04,2.649,16733181589.0
2025-05-05,2.698,16796502633.0
2025-05-06,2.718,16511829502.0
2025-05-07,2.689,16576706945.0
2025-05-08,2.709,19989462963.0
2025-05-09,3.479,21425260240.0
2025-05-10,2.993,23407629041.0
2025-05-11,3.138,22755457736.0
2025-05-12,2.929,22749588131.0
2025-05-13,2.932,24582906678.0
2025-05-14,2.902,23694465110.0
2025-05-15,2.813,23205854850.0
2025-05-16,2.865,23299795926.0
2025-05-17,2.757,22430903537.0
2025-05-18,2.625,22383100321.0
2025-05-19,3.06,22656274747.0
2025-05-20,2.931,22568218222.0
2025-05-21,2.786,22724516883.0
2025-05-22,2.94,23894953566.0
2025-05-23,2.941,22843342637.0
2025-05-24,2.801,22770887648.0
2025-05-25,2.68,22898189858.0
2025-05-26,2.722,23086669677.0
2025-05-27,2.744,23965373899.0
2025-05-28,2.83,23782788446.0
2025-05-29,2.871,23851451859.0
2025-05-30,2.905,22706151510.0
2025-05-31,2.887,22771797993.0
2025-06-01,2.709,22784786834.0
2025-06-02,2.727,23127121598.0
2025-06-03,2.789,23373393902.0
2025-06-04,2.8,23376013285.0
2025-06-05,2.765,21672098517.0
2025-06-06,2.878,22253377763.0
2025-06-07,2.743,22765211512.0
2025-06-08,2.681,22500962145.0
2025-06-09,2.68,23924565205.0
2025-06-10,2.804,25269157459.0
2025-06-11,2.804,25101613880.0
2025-06-12,2.834,23947529547.0
2025-06-13,2.899,23339676914.0
2025-06-14,2.637,22957549197.0
2025-06-15,2.566,23056611262.0
2025-06-16,2.654,23757154063.0
2025-06-19,2.747,23057071650.0
2025-06-20,2.678,22032096228.0
2025-06-21,2.697,21055638426.0
2025-06-22,2.966,20443323846.0
2025-06-23,2.986,22117791195.0
2025-06-24,2.867,22304928242.0
2025-06-25,2.756,22164963106.0
2025-06-26,2.735,22018854777.0
2025-06-27,2.741,22067800220.0
2025-06-28,2.631,22214008671.0
2025-06-29,2.644,22709263855.0
2025-06-30,2.655,22638053628.0
2025-07-01,2.685,21945024770.0
2025-07-02,2.686,23619106217.0
2025-07-03,2.702,23631216293.0
2025-07-04,2.697,22745954285.0
2025-07-05,2.608,22890543537.0
2025-07-06,2.622,23580920219.0
2025-07-07,2.66,23135058400.0
2025-07-08,2.675,23812017278.0
2025-07-09,2.684,25203176450.0
2025-07-10,2.811,27126596599.0
2025-07-11,2.896,26784113686.0
2025-07-12,2.7,26781729652.0
2025-07-13,2.617,27084985724.0
2025-07-14,2.749,27506789075.0
2025-07-15,2.733,28438775260.0
2025-07-16,2.802,30786232400.0
2025-07-17,2.88,31695137047.0
2025-07-18,2.84,32465247547.0
2025-07-19,2.672,32423164681.0
2025-07-20,2.677,33848577986.0
2025-07-21,2.81,34247712215.0
2025-07-22,2.761,33776810092.0
2025-07-23,2.651,32836779376.0
2025-07-24,2.817,33587199286.0
2025-07-25,2.768,33448784156.0
2025-07-26,2.659,33710476570.0
2025-07-27,2.682,34518932343.0
2025-07-28,2.602,34106539190.0
2025-07-29,2.664,33830291899.0
2025-07-30,2.717,33726852924.0
2025-07-31,2.678,33292928839.0
2025-08-01,2.688,30950224959.0
2025-08-02,2.632,30443264595.0
2025-08-03,2.788,31061520555.0
2025-08-04,2.642,33077498057.0
2025-08-05,2.649,31853925612.0
2025-08-06,2.67,32675115384.0
2025-08-07,2.624,34596384973.0
2025-08-08,2.65,35674338081.0
2025-08-09,2.68,38035358220.0
2025-08-10,2.628,37465271387.0
2025-08-11,2.67,37333879288.0
2025-08-12,2.699,40364975323.0
2025-08-13,2.902,42035081155.0
2025-08-14,2.764,39871809707.0
2025-08-15,3.088,39393948759.0
2025-08-16,2.704,38927097363.0
2025-08-17,2.638,39808694940.0
2025-08-18,2.659,38579205794.0
2025-08-19,2.648,36437883738.0
2025-08-20,2.613,38245331447.0
2025-08-21,2.659,37373119182.0
2025-08-22,2.76,42441513059.0
2025-08-23,2.841,41634215940.0
2025-08-24,2.598,41445697460.0
2025-08-25,2.727,38363340938.0
2025-08-26,2.798,40136530454.0
2025-08-27,2.618,39561012990.0
2025-08-28,2.658,39184519025.0
2025-08-29,2.615,37969130880.0
2025-08-30,2.632,38075142811.0
2025-08-31,2.736,38683077568.0
2025-09-01,2.783,37110426917.0
2025-09-02,2.774,37532415195.0
2025-09-03,2.719,38655729077.0
2025-09-04,2.594,37474500276.0
2025-09-05,2.709,37326699665.0
2025-09-06,2.616,36990779425.0
2025-09-07,2.575,37320808672.0
2025-09-08,2.576,37402557149.0
2025-09-09,2.602,37362860871.0
2025-09-10,2.725,37465954267.0
2025-09-11,2.633,38275003618.0
2025-09-12,2.631,40678579241.0
2025-09-13,2.642,40018529436.0
2025-09-14,2.599,39742646814.0
2025-09-15,2.593,38814366250.0
2025-09-16,2.599,38797632691.0
2025-09-17,2.582,39289200014.0
2025-09-18,2.645,39454698418.0
2025-09-19,2.73,38329527825.0
2025-09-20,2.654,38368813120.0
2025-09-21,2.538,38144499411.0
2025-09-22,2.645,35785105082.0
2025-09-23,2.667,35706192442.0
2025-09-24,2.649,35454099306.0
2025-09-25,2.562,33168663350.0
2025-09-26,2.619,35044684596.0
2025-09-27,2.787,34408453096.0
2025-09-28,2.548,35100607582.0
2025-09-29,2.545,36052891003.0
2025-09-30,2.598,35373741194.0
2025-10-01,2.559,36761103514.0
2025-10-02,2.575,38046198156.0
2025-10-03,2.57,38592759202.0
2025-10-04,2.582,38232676279.0
2025-10-05,2.562,38461007494.0
2025-10-06,2.551,40003469986.0
2025-10-07,3.153,38341273318.0
2025-10-08,2.614,38602886397.0
2025-10-09,2.601,37170197003.0
2025-10-10,2.643,32690720846.0
2025-10-11,7.051,31714688410.0
2025-10-12,2.624,35153335096.0
2025-10-13,2.673,36190773979.0
2025-10-14,2.657,34953239533.0
2025-10-15,2.632,33601774576.0
2025-10-16,2.595,32835312989.0
2025-10-17,2.674,32826883903.0
2025-10-18,2.594,33008634002.0
2025-10-19,2.572,34130781600.0
2025-10-20,2.57,33710719906.0
2025-10-21,2.591,33164735768.0
2025-10-22,2.651,31888007929.0
2025-10-23,2.555,32641983586.0
2025-10-24,2.539,33787930710.0
2025-10-25,2.544,33925852750.0
2025-10-26,2.511,35813182164.0
2025-10-27,2.581,35441457875.0
2025-10-28,2.529,34231758934.0
2025-10-29,2.529,33905176035.0
2025-10-30,2.569,32444290216.0
2025-10-31,2.568,33153029598.0
2025-11-01,2.534,33173687996.0
2025-11-02,2.496,33154154257.0
2025-11-03,2.79,30838337796.0
2025-11-04,2.671,27859529316.0
2025-11-05,2.969,29646213918.0
2025-11-06,2.562,28569979158.0
2025-11-07,2.651,29764680664.0
2025-11-08,2.598,29312767255.0
2025-11-09,2.508,30858958148.0
2025-11-10,2.58,30667169586.0
2025-11-11,2.624,29629300927.0
2025-11-12,2.537,29458035874.0
2025-11-13,2.55,27757306956.0
