Date,US_Treasury_10Y,VIX_Index
2022-01-03,1.628000020980835,16.600000381469727
2022-01-04,1.6679999828338623,16.90999984741211
2022-01-05,1.7050000429153442,19.729999542236328
2022-01-06,1.7330000400543213,19.610000610351562
2022-01-07,1.7710000276565552,18.760000228881836
2022-01-10,1.7799999713897705,19.399999618530273
2022-01-11,1.746000051498413,18.40999984741211
2022-01-12,1.725000023841858,17.6200008392334
2022-01-13,1.7109999656677246,20.309999465942383
2022-01-14,1.7719999551773071,19.190000534057617
2022-01-18,1.8650000095367432,22.790000915527344
2022-01-19,1.8270000219345093,23.850000381469727
2022-01-20,1.8329999446868896,25.59000015258789
2022-01-21,1.746999979019165,28.850000381469727
2022-01-24,1.7350000143051147,29.899999618530273
2022-01-25,1.7829999923706055,31.15999984741211
2022-01-26,1.8480000495910645,31.959999084472656
2022-01-27,1.8070000410079956,30.489999771118164
2022-01-28,1.781999945640564,27.65999984741211
2022-01-31,1.781999945640564,24.829999923706055
2022-02-01,1.7999999523162842,21.959999084472656
2022-02-02,1.7660000324249268,22.09000015258789
2022-02-03,1.8270000219345093,24.350000381469727
2022-02-04,1.9299999475479126,23.219999313354492
2022-02-07,1.9160000085830688,22.860000610351562
2022-02-08,1.9539999961853027,21.440000534057617
2022-02-09,1.9290000200271606,19.959999084472656
2022-02-10,2.0309998989105225,23.90999984741211
2022-02-11,1.9550000429153442,27.360000610351562
2022-02-14,1.996000051498413,28.329999923706055
2022-02-15,2.0450000762939453,25.700000762939453
2022-02-16,2.046999931335449,24.290000915527344
2022-02-17,1.972000002861023,28.110000610351562
2022-02-18,1.9320000410079956,27.75
2022-02-22,1.9479999542236328,28.809999465942383
2022-02-23,1.9769999980926514,31.020000457763672
2022-02-24,1.968999981880188,30.31999969482422
2022-02-25,1.9859999418258667,27.59000015258789
2022-02-28,1.8389999866485596,30.149999618530273
2022-03-01,1.7070000171661377,33.31999969482422
2022-03-02,1.8650000095367432,30.739999771118164
2022-03-03,1.843999981880188,30.479999542236328
2022-03-04,1.7239999771118164,31.979999542236328
2022-03-07,1.7510000467300415,36.45000076293945
2022-03-08,1.871999979019165,35.130001068115234
2022-03-09,1.9479999542236328,32.45000076293945
2022-03-10,2.010999917984009,30.229999542236328
2022-03-11,2.003999948501587,30.75
2022-03-14,2.140000104904175,31.770000457763672
2022-03-15,2.1600000858306885,29.829999923706055
2022-03-16,2.187999963760376,26.670000076293945
2022-03-17,2.191999912261963,25.670000076293945
2022-03-18,2.1480000019073486,23.8700008392334
2022-03-21,2.315000057220459,23.530000686645508
2022-03-22,2.372999906539917,22.940000534057617
2022-03-23,2.321000099182129,23.56999969482422
2022-03-24,2.3410000801086426,21.670000076293945
2022-03-25,2.492000102996826,20.809999465942383
2022-03-28,2.4769999980926514,19.6299991607666
2022-03-29,2.4000000953674316,18.899999618530273
2022-03-30,2.3580000400543213,19.329999923706055
2022-03-31,2.3269999027252197,20.559999465942383
2022-04-01,2.377000093460083,19.6299991607666
2022-04-04,2.4119999408721924,18.56999969482422
2022-04-05,2.555999994277954,21.030000686645508
2022-04-06,2.6089999675750732,22.100000381469727
2022-04-07,2.6519999504089355,21.549999237060547
2022-04-08,2.7130000591278076,21.15999984741211
2022-04-11,2.7799999713897705,24.3700008392334
2022-04-12,2.7249999046325684,24.260000228881836
2022-04-13,2.687000036239624,21.81999969482422
2022-04-14,2.828000068664551,22.700000762939453
2022-04-18,2.861999988555908,22.170000076293945
2022-04-19,2.9130001068115234,21.3700008392334
2022-04-20,2.8399999141693115,20.31999969482422
2022-04-21,2.9170000553131104,22.68000030517578
2022-04-22,2.9059998989105225,28.209999084472656
2022-04-25,2.8259999752044678,27.020000457763672
2022-04-26,2.7720000743865967,33.52000045776367
2022-04-27,2.818000078201294,31.600000381469727
2022-04-28,2.86299991607666,29.989999771118164
2022-04-29,2.88700008392334,33.400001525878906
2022-05-02,2.996000051498413,32.34000015258789
2022-05-03,2.9600000381469727,29.25
2022-05-04,2.9170000553131104,25.420000076293945
2022-05-05,3.065999984741211,31.200000762939453
2022-05-06,3.122999906539917,30.190000534057617
2022-05-09,3.0789999961853027,34.75
2022-05-10,2.993000030517578,32.9900016784668
2022-05-11,2.9210000038146973,32.560001373291016
2022-05-12,2.816999912261963,31.770000457763672
2022-05-13,2.934999942779541,28.8700008392334
2022-05-16,2.877000093460083,27.469999313354492
2022-05-17,2.9679999351501465,26.100000381469727
2022-05-18,2.885999917984009,30.959999084472656
2022-05-19,2.8550000190734863,29.350000381469727
2022-05-20,2.7869999408721924,29.43000030517578
2022-05-23,2.8589999675750732,28.479999542236328
2022-05-24,2.759999990463257,29.450000762939453
2022-05-25,2.749000072479248,28.3700008392334
2022-05-26,2.75600004196167,27.5
2022-05-27,2.743000030517578,25.719999313354492
2022-05-31,2.8440001010894775,26.190000534057617
2022-06-01,2.930999994277954,25.690000534057617
2022-06-02,2.9130001068115234,24.719999313354492
2022-06-03,2.9570000171661377,24.790000915527344
2022-06-06,3.0380001068115234,25.06999969482422
2022-06-07,2.9719998836517334,24.020000457763672
2022-06-08,3.0290000438690186,23.959999084472656
2022-06-09,3.0439999103546143,26.09000015258789
2022-06-10,3.1559998989105225,27.75
2022-06-13,3.365999937057495,34.02000045776367
2022-06-14,3.4830000400543213,32.689998626708984
2022-06-15,3.3949999809265137,29.6200008392334
2022-06-16,3.306999921798706,32.95000076293945
2022-06-17,3.239000082015991,31.1299991607666
2022-06-21,3.306999921798706,30.190000534057617
2022-06-22,3.1559998989105225,28.950000762939453
2022-06-23,3.068000078201294,29.049999237060547
2022-06-24,3.125,27.229999542236328
2022-06-27,3.194000005722046,26.950000762939453
2022-06-28,3.2060000896453857,28.360000610351562
2022-06-29,3.0929999351501465,28.15999984741211
2022-06-30,2.9719998836517334,28.709999084472656
2022-07-01,2.8889999389648438,26.700000762939453
2022-07-05,2.809000015258789,27.540000915527344
2022-07-06,2.9130001068115234,26.729999542236328
2022-07-07,3.007999897003174,26.079999923706055
2022-07-08,3.1010000705718994,24.639999389648438
2022-07-11,2.990999937057495,26.170000076293945
2022-07-12,2.9579999446868896,27.290000915527344
2022-07-13,2.9040000438690186,26.81999969482422
2022-07-14,2.9600000381469727,26.399999618530273
2022-07-15,2.930000066757202,24.229999542236328
2022-07-18,2.9600000381469727,25.299999237060547
2022-07-19,3.0190000534057617,24.5
2022-07-20,3.0360000133514404,23.8799991607666
2022-07-21,2.9100000858306885,23.110000610351562
2022-07-22,2.7829999923706055,23.030000686645508
2022-07-25,2.819999933242798,23.360000610351562
2022-07-26,2.7869999408721924,24.690000534057617
2022-07-27,2.7339999675750732,23.239999771118164
2022-07-28,2.680999994277954,22.329999923706055
2022-07-29,2.6419999599456787,21.329999923706055
2022-08-01,2.6059999465942383,22.84000015258789
2022-08-02,2.740999937057495,23.93000030517578
2022-08-03,2.747999906539917,21.950000762939453
2022-08-04,2.6760001182556152,21.440000534057617
2022-08-05,2.8399999141693115,21.149999618530273
2022-08-08,2.765000104904175,21.290000915527344
2022-08-09,2.796999931335449,21.770000457763672
2022-08-10,2.7860000133514404,19.739999771118164
2022-08-11,2.888000011444092,20.200000762939453
2022-08-12,2.8489999771118164,19.530000686645508
2022-08-15,2.7909998893737793,19.950000762939453
2022-08-16,2.8239998817443848,19.690000534057617
2022-08-17,2.8929998874664307,19.899999618530273
2022-08-18,2.880000114440918,19.559999465942383
2022-08-19,2.989000082015991,20.600000381469727
2022-08-22,3.0369999408721924,23.799999237060547
2022-08-23,3.053999900817871,24.110000610351562
2022-08-24,3.1059999465942383,22.81999969482422
2022-08-25,3.0260000228881836,21.780000686645508
2022-08-26,3.0350000858306885,25.559999465942383
2022-08-29,3.109999895095825,26.209999084472656
2022-08-30,3.109999895095825,26.209999084472656
2022-08-31,3.132999897003174,25.8700008392334
2022-09-01,3.265000104904175,25.559999465942383
2022-09-02,3.193000078201294,25.469999313354492
2022-09-06,3.3399999141693115,26.90999984741211
2022-09-07,3.265000104904175,24.639999389648438
2022-09-08,3.2920000553131104,23.610000610351562
2022-09-09,3.321000099182129,22.790000915527344
2022-09-12,3.361999988555908,23.8700008392334
2022-09-13,3.421999931335449,27.270000457763672
2022-09-14,3.4119999408721924,26.15999984741211
2022-09-15,3.4590001106262207,26.270000457763672
2022-09-16,3.447999954223633,26.299999237060547
2022-09-19,3.490000009536743,25.760000228881836
2022-09-20,3.571000099182129,27.15999984741211
2022-09-21,3.509999990463257,27.989999771118164
2022-09-22,3.7079999446868896,27.350000381469727
2022-09-23,3.697000026702881,29.920000076293945
2022-09-26,3.878000020980835,32.2599983215332
2022-09-27,3.9639999866485596,32.599998474121094
2022-09-28,3.7049999237060547,30.18000030517578
2022-09-29,3.746999979019165,31.84000015258789
2022-09-30,3.803999900817871,31.6200008392334
2022-10-03,3.6510000228881836,30.100000381469727
2022-10-04,3.617000102996826,29.06999969482422
2022-10-05,3.759000062942505,28.549999237060547
2022-10-06,3.8259999752044678,30.520000457763672
2022-10-07,3.882999897003174,31.360000610351562
2022-10-10,3.888000011444092,32.45000076293945
2022-10-11,3.938999891281128,33.630001068115234
2022-10-12,3.9019999504089355,33.56999969482422
2022-10-13,3.9519999027252197,31.940000534057617
2022-10-14,4.010000228881836,32.02000045776367
2022-10-17,4.014999866485596,31.3700008392334
2022-10-18,3.997999906539917,30.5
2022-10-19,4.126999855041504,30.760000228881836
2022-10-20,4.22599983215332,29.979999542236328
2022-10-21,4.2129998207092285,29.690000534057617
2022-10-24,4.234000205993652,29.850000381469727
2022-10-25,4.107999801635742,28.459999084472656
2022-10-26,4.014999866485596,27.280000686645508
2022-10-27,3.937000036239624,27.389999389648438
2022-10-28,4.010000228881836,25.75
2022-10-31,4.077000141143799,25.8799991607666
2022-11-01,4.052000045776367,25.809999465942383
2022-11-02,4.059000015258789,25.860000610351562
2022-11-03,4.124000072479248,25.299999237060547
2022-11-04,4.156000137329102,24.549999237060547
2022-11-07,4.214000225067139,24.350000381469727
2022-11-08,4.125999927520752,25.540000915527344
2022-11-09,4.151000022888184,26.09000015258789
2022-11-10,3.8289999961853027,23.530000686645508
2022-11-11,3.812999963760376,22.520000457763672
2022-11-14,3.865000009536743,23.729999542236328
2022-11-15,3.7990000247955322,24.540000915527344
2022-11-16,3.691999912261963,24.110000610351562
2022-11-17,3.7750000953674316,23.93000030517578
2022-11-18,3.818000078201294,23.1200008392334
2022-11-21,3.825000047683716,22.360000610351562
2022-11-22,3.757999897003174,21.290000915527344
2022-11-23,3.7060000896453857,20.350000381469727
2022-11-25,3.690999984741211,20.5
2022-11-28,3.703000068664551,22.209999084472656
2022-11-29,3.747999906539917,21.889999389648438
2022-11-30,3.703000068664551,20.579999923706055
2022-12-01,3.5290000438690186,19.84000015258789
2022-12-02,3.50600004196167,19.059999465942383
2022-12-05,3.5989999771118164,20.75
2022-12-06,3.513000011444092,22.170000076293945
2022-12-07,3.4079999923706055,22.68000030517578
2022-12-08,3.490999937057495,22.290000915527344
2022-12-09,3.566999912261963,22.829999923706055
2022-12-12,3.6110000610351562,25.0
2022-12-13,3.500999927520752,22.549999237060547
2022-12-14,3.503000020980835,21.139999389648438
2022-12-15,3.450000047683716,22.829999923706055
2022-12-16,3.4820001125335693,22.6200008392334
2022-12-19,3.5810000896453857,22.420000076293945
2022-12-20,3.684000015258789,21.479999542236328
2022-12-21,3.684000015258789,20.06999969482422
2022-12-22,3.6689999103546143,21.969999313354492
2022-12-23,3.750999927520752,20.8700008392334
2022-12-27,3.859999895095825,21.649999618530273
2022-12-28,3.88700008392334,22.139999389648438
2022-12-29,3.8350000381469727,21.440000534057617
2022-12-30,3.878999948501587,21.670000076293945
2023-01-03,3.7929999828338623,22.899999618530273
2023-01-04,3.7090001106262207,22.010000228881836
2023-01-05,3.7200000286102295,22.459999084472656
2023-01-06,3.569000005722046,21.1299991607666
2023-01-09,3.5169999599456787,21.969999313354492
2023-01-10,3.621000051498413,20.579999923706055
2023-01-11,3.553999900817871,21.09000015258789
2023-01-12,3.4489998817443848,18.829999923706055
2023-01-13,3.510999917984009,18.350000381469727
2023-01-17,3.5350000858306885,19.360000610351562
2023-01-18,3.375,20.34000015258789
2023-01-19,3.3970000743865967,20.520000457763672
2023-01-20,3.4839999675750732,19.850000381469727
2023-01-23,3.5250000953674316,19.809999465942383
2023-01-24,3.4690001010894775,19.200000762939453
2023-01-25,3.4619998931884766,19.079999923706055
2023-01-26,3.493000030517578,18.729999542236328
2023-01-27,3.5179998874664307,18.510000228881836
2023-01-30,3.5510001182556152,19.940000534057617
2023-01-31,3.5290000438690186,19.399999618530273
2023-02-01,3.3970000743865967,17.8700008392334
2023-02-02,3.3959999084472656,18.729999542236328
2023-02-03,3.5320000648498535,18.329999923706055
2023-02-06,3.634000062942505,19.43000030517578
2023-02-07,3.6740000247955322,18.65999984741211
2023-02-08,3.6530001163482666,19.6299991607666
2023-02-09,3.683000087738037,20.709999084472656
2023-02-10,3.74399995803833,20.530000686645508
2023-02-13,3.7170000076293945,20.34000015258789
2023-02-14,3.760999917984009,18.90999984741211
2023-02-15,3.809000015258789,18.229999542236328
2023-02-16,3.8429999351501465,20.170000076293945
2023-02-17,3.828000068664551,20.020000457763672
2023-02-21,3.9549999237060547,22.8700008392334
2023-02-22,3.9230000972747803,22.290000915527344
2023-02-23,3.878999948501587,21.139999389648438
2023-02-24,3.9489998817443848,21.670000076293945
2023-02-27,3.921999931335449,20.950000762939453
2023-02-28,3.9159998893737793,20.700000762939453
2023-03-01,3.99399995803833,20.579999923706055
2023-03-02,4.072999954223633,19.59000015258789
2023-03-03,3.9639999866485596,18.489999771118164
2023-03-06,3.9830000400543213,18.610000610351562
2023-03-07,3.9749999046325684,19.59000015258789
2023-03-08,3.9760000705718994,19.110000610351562
2023-03-09,3.924999952316284,22.610000610351562
2023-03-10,3.694999933242798,24.799999237060547
2023-03-13,3.515000104904175,26.520000457763672
2023-03-14,3.638000011444092,23.729999542236328
2023-03-15,3.492000102996826,26.139999389648438
2023-03-16,3.5850000381469727,22.989999771118164
2023-03-17,3.3949999809265137,25.510000228881836
2023-03-20,3.4809999465942383,24.149999618530273
2023-03-21,3.6059999465942383,21.3799991607666
2023-03-22,3.5,22.260000228881836
2023-03-23,3.4059998989105225,22.610000610351562
2023-03-24,3.380000114440918,21.739999771118164
2023-03-27,3.5280001163482666,20.600000381469727
2023-03-28,3.563999891281128,19.969999313354492
2023-03-29,3.565999984741211,19.1200008392334
2023-03-30,3.5510001182556152,19.020000457763672
2023-03-31,3.49399995803833,18.700000762939453
2023-04-03,3.430000066757202,18.549999237060547
2023-04-04,3.3369998931884766,19.0
2023-04-05,3.2869999408721924,19.079999923706055
2023-04-06,3.2880001068115234,18.399999618530273
2023-04-10,3.4149999618530273,18.969999313354492
2023-04-11,3.434000015258789,19.100000381469727
2023-04-12,3.4210000038146973,19.09000015258789
2023-04-13,3.4519999027252197,17.799999237060547
2023-04-14,3.5220000743865967,17.06999969482422
2023-04-17,3.5910000801086426,16.950000762939453
2023-04-18,3.572000026702881,16.829999923706055
2023-04-19,3.6019999980926514,16.459999084472656
2023-04-20,3.5450000762939453,17.170000076293945
2023-04-21,3.569999933242798,16.770000457763672
2023-04-24,3.515000104904175,16.889999389648438
2023-04-25,3.3959999084472656,18.760000228881836
2023-04-26,3.431999921798706,18.84000015258789
2023-04-27,3.5280001163482666,17.030000686645508
2023-04-28,3.4519999027252197,15.779999732971191
2023-05-01,3.5739998817443848,16.079999923706055
2023-05-02,3.438999891281128,17.780000686645508
2023-05-03,3.4030001163482666,18.34000015258789
2023-05-04,3.3510000705718994,20.09000015258789
2023-05-05,3.446000099182129,17.190000534057617
2023-05-08,3.5209999084472656,16.979999542236328
2023-05-09,3.5209999084472656,17.709999084472656
2023-05-10,3.438999891281128,16.940000534057617
2023-05-11,3.3970000743865967,16.93000030517578
2023-05-12,3.4630000591278076,17.030000686645508
2023-05-15,3.507999897003174,17.1200008392334
2023-05-16,3.5490000247955322,17.989999771118164
2023-05-17,3.5810000896453857,16.8700008392334
2023-05-18,3.6480000019073486,16.049999237060547
2023-05-19,3.691999912261963,16.809999465942383
2023-05-22,3.7190001010894775,17.209999084472656
2023-05-23,3.697999954223633,18.530000686645508
2023-05-24,3.7190001010894775,20.030000686645508
2023-05-25,3.813999891281128,19.139999389648438
2023-05-26,3.809999942779541,17.950000762939453
2023-05-30,3.700000047683716,17.459999084472656
2023-05-31,3.63700008392334,17.940000534057617
2023-06-01,3.6080000400543213,15.649999618530273
2023-06-02,3.690999984741211,14.600000381469727
2023-06-05,3.693000078201294,14.729999542236328
2023-06-06,3.6989998817443848,13.960000038146973
2023-06-07,3.7839999198913574,13.9399995803833
2023-06-08,3.7139999866485596,13.649999618530273
2023-06-09,3.744999885559082,13.829999923706055
2023-06-12,3.765000104904175,15.010000228881836
2023-06-13,3.8389999866485596,14.609999656677246
2023-06-14,3.7960000038146973,13.880000114440918
2023-06-15,3.7279999256134033,14.5
2023-06-16,3.7690000534057617,13.539999961853027
2023-06-20,3.7290000915527344,13.880000114440918
2023-06-21,3.7230000495910645,13.199999809265137
2023-06-22,3.7990000247955322,12.90999984741211
2023-06-23,3.739000082015991,13.4399995803833
2023-06-26,3.7190001010894775,14.25
2023-06-27,3.7679998874664307,13.739999771118164
2023-06-28,3.7100000381469727,13.430000305175781
2023-06-29,3.8540000915527344,13.539999961853027
2023-06-30,3.819000005722046,13.59000015258789
2023-07-03,3.8580000400543213,13.569999694824219
2023-07-05,3.944999933242798,14.180000305175781
2023-07-06,4.040999889373779,15.4399995803833
2023-07-07,4.050000190734863,14.829999923706055
2023-07-10,4.00600004196167,15.069999694824219
2023-07-11,3.9800000190734863,14.84000015258789
2023-07-12,3.8610000610351562,13.539999961853027
2023-07-13,3.760999917984009,13.609999656677246
2023-07-14,3.819000005722046,13.34000015258789
2023-07-17,3.796999931335449,13.479999542236328
2023-07-18,3.7890000343322754,13.300000190734863
2023-07-19,3.742000102996826,13.760000228881836
2023-07-20,3.8540000915527344,13.989999771118164
2023-07-21,3.8369998931884766,13.600000381469727
2023-07-24,3.8570001125335693,13.90999984741211
2023-07-25,3.9119999408721924,13.859999656677246
2023-07-26,3.8510000705718994,13.1899995803833
2023-07-27,4.01200008392334,14.40999984741211
2023-07-28,3.9690001010894775,13.329999923706055
2023-07-31,3.9590001106262207,13.630000114440918
2023-08-01,4.051000118255615,13.930000305175781
2023-08-02,4.078000068664551,16.09000015258789
2023-08-03,4.189000129699707,15.920000076293945
2023-08-04,4.059999942779541,17.100000381469727
2023-08-07,4.078000068664551,15.770000457763672
2023-08-08,4.026000022888184,15.989999771118164
2023-08-09,4.01200008392334,15.960000038146973
2023-08-10,4.079999923706055,15.850000381469727
2023-08-11,4.168000221252441,14.84000015258789
2023-08-14,4.184000015258789,14.819999694824219
2023-08-15,4.2210001945495605,16.459999084472656
2023-08-16,4.257999897003174,16.780000686645508
2023-08-17,4.308000087738037,17.889999389648438
2023-08-18,4.250999927520752,17.299999237060547
2023-08-21,4.3420000076293945,17.1299991607666
2023-08-22,4.328000068664551,16.969999313354492
2023-08-23,4.197999954223633,15.979999542236328
2023-08-24,4.235000133514404,17.200000762939453
2023-08-25,4.238999843597412,15.680000305175781
2023-08-28,4.211999893188477,15.079999923706055
2023-08-29,4.122000217437744,14.449999809265137
2023-08-30,4.118000030517578,13.880000114440918
2023-08-31,4.0929999351501465,13.569999694824219
2023-09-01,4.172999858856201,13.09000015258789
2023-09-05,4.26800012588501,14.010000228881836
2023-09-06,4.289999961853027,14.449999809265137
2023-09-07,4.260000228881836,14.399999618530273
2023-09-08,4.257999897003174,13.84000015258789
2023-09-11,4.288000106811523,13.800000190734863
2023-09-12,4.263999938964844,14.229999542236328
2023-09-13,4.249000072479248,13.479999542236328
2023-09-14,4.288000106811523,12.819999694824219
2023-09-15,4.322000026702881,13.789999961853027
2023-09-18,4.318999767303467,14.0
2023-09-19,4.364999771118164,14.109999656677246
2023-09-20,4.348999977111816,15.140000343322754
2023-09-21,4.480000019073486,17.540000915527344
2023-09-22,4.438000202178955,17.200000762939453
2023-09-25,4.541999816894531,16.899999618530273
2023-09-26,4.558000087738037,18.940000534057617
2023-09-27,4.625999927520752,18.219999313354492
2023-09-28,4.5970001220703125,17.34000015258789
2023-09-29,4.572999954223633,17.520000457763672
2023-10-02,4.683000087738037,17.610000610351562
2023-10-03,4.802000045776367,19.780000686645508
2023-10-04,4.735000133514404,18.579999923706055
2023-10-05,4.7170000076293945,18.489999771118164
2023-10-06,4.783999919891357,17.450000762939453
2023-10-09,4.796999931335449,17.700000762939453
2023-10-10,4.65500020980835,17.030000686645508
2023-10-11,4.59499979019165,16.09000015258789
2023-10-12,4.711999893188477,16.690000534057617
2023-10-13,4.629000186920166,19.31999969482422
2023-10-16,4.711999893188477,17.209999084472656
2023-10-17,4.8470001220703125,17.8799991607666
2023-10-18,4.9039998054504395,19.219999313354492
2023-10-19,4.98799991607666,21.399999618530273
2023-10-20,4.923999786376953,21.709999084472656
2023-10-23,4.8379998207092285,20.3700008392334
2023-10-24,4.840000152587891,18.969999313354492
2023-10-25,4.953000068664551,20.190000534057617
2023-10-26,4.84499979019165,20.68000030517578
2023-10-27,4.84499979019165,21.270000457763672
2023-10-30,4.875,19.75
2023-10-31,4.875,18.139999389648438
2023-11-01,4.789000034332275,16.8700008392334
2023-11-02,4.669000148773193,15.65999984741211
2023-11-03,4.558000087738037,14.90999984741211
2023-11-06,4.6620001792907715,14.890000343322754
2023-11-07,4.571000099182129,14.8100004196167
2023-11-08,4.5229997634887695,14.449999809265137
2023-11-09,4.630000114440918,15.289999961853027
2023-11-10,4.627999782562256,14.170000076293945
2023-11-13,4.631999969482422,14.760000228881836
2023-11-14,4.440999984741211,14.15999984741211
2023-11-15,4.534999847412109,14.180000305175781
2023-11-16,4.445000171661377,14.319999694824219
2023-11-17,4.440999984741211,13.800000190734863
2023-11-20,4.421999931335449,13.40999984741211
2023-11-21,4.418000221252441,13.350000381469727
2023-11-22,4.415999889373779,12.850000381469727
2023-11-24,4.4720001220703125,12.460000038146973
2023-11-27,4.388999938964844,12.6899995803833
2023-11-28,4.335999965667725,12.6899995803833
2023-11-29,4.270999908447266,12.979999542236328
2023-11-30,4.3520002365112305,12.920000076293945
2023-12-01,4.22599983215332,12.630000114440918
2023-12-04,4.288000106811523,13.079999923706055
2023-12-05,4.171000003814697,12.850000381469727
2023-12-06,4.120999813079834,12.970000267028809
2023-12-07,4.129000186920166,13.0600004196167
2023-12-08,4.244999885559082,12.350000381469727
2023-12-11,4.238999843597412,12.630000114440918
2023-12-12,4.205999851226807,12.069999694824219
2023-12-13,4.0329999923706055,12.1899995803833
2023-12-14,3.930000066757202,12.479999542236328
2023-12-15,3.927999973297119,12.279999732971191
2023-12-18,3.9539999961853027,12.5600004196167
2023-12-19,3.921999931335449,12.529999732971191
2023-12-20,3.877000093460083,13.670000076293945
2023-12-21,3.8940000534057617,13.649999618530273
2023-12-22,3.9010000228881836,13.029999732971191
2023-12-26,3.885999917984009,12.989999771118164
2023-12-27,3.7890000343322754,12.430000305175781
2023-12-28,3.8499999046325684,12.470000267028809
2023-12-29,3.865999937057495,12.449999809265137
2024-01-02,3.946000099182129,13.199999809265137
2024-01-03,3.9070000648498535,14.039999961853027
2024-01-04,3.990999937057495,14.130000114440918
2024-01-05,4.041999816894531,13.350000381469727
2024-01-08,4.001999855041504,13.079999923706055
2024-01-09,4.019000053405762,12.760000228881836
2024-01-10,4.03000020980835,12.6899995803833
2024-01-11,3.9769999980926514,12.4399995803833
2024-01-12,3.950000047683716,12.699999809265137
2024-01-16,4.065999984741211,13.84000015258789
2024-01-17,4.105999946594238,14.789999961853027
2024-01-18,4.144000053405762,14.130000114440918
2024-01-19,4.145999908447266,13.300000190734863
2024-01-22,4.093999862670898,13.1899995803833
2024-01-23,4.142000198364258,12.550000190734863
2024-01-24,4.177999973297119,13.140000343322754
2024-01-25,4.131999969482422,13.449999809265137
2024-01-26,4.159999847412109,13.260000228881836
2024-01-29,4.091000080108643,13.600000381469727
2024-01-30,4.059000015258789,13.3100004196167
2024-01-31,3.9670000076293945,14.350000381469727
2024-02-01,3.86299991607666,13.880000114440918
2024-02-02,4.0329999923706055,13.850000381469727
2024-02-05,4.164000034332275,13.670000076293945
2024-02-06,4.090000152587891,13.0600004196167
2024-02-07,4.110000133514404,12.829999923706055
2024-02-08,4.170000076293945,12.789999961853027
2024-02-09,4.186999797821045,12.930000305175781
2024-02-12,4.171999931335449,13.930000305175781
2024-02-13,4.315999984741211,15.850000381469727
2024-02-14,4.267000198364258,14.380000114440918
2024-02-15,4.239999771118164,14.010000228881836
2024-02-16,4.295000076293945,14.239999771118164
2024-02-20,4.275000095367432,15.420000076293945
2024-02-21,4.324999809265137,15.34000015258789
2024-02-22,4.327000141143799,14.539999961853027
2024-02-23,4.260000228881836,13.75
2024-02-26,4.298999786376953,13.739999771118164
2024-02-27,4.315000057220459,13.430000305175781
2024-02-28,4.27400016784668,13.84000015258789
2024-02-29,4.251999855041504,13.399999618530273
2024-03-01,4.179999828338623,13.109999656677246
2024-03-04,4.218999862670898,13.489999771118164
2024-03-05,4.13700008392334,14.460000038146973
2024-03-06,4.104000091552734,14.5
2024-03-07,4.0920000076293945,14.4399995803833
2024-03-08,4.089000225067139,14.739999771118164
2024-03-11,4.104000091552734,15.220000267028809
2024-03-12,4.15500020980835,13.84000015258789
2024-03-13,4.191999912261963,13.75
2024-03-14,4.297999858856201,14.399999618530273
2024-03-15,4.303999900817871,14.40999984741211
2024-03-18,4.340000152587891,14.329999923706055
2024-03-19,4.296999931335449,13.819999694824219
2024-03-20,4.2729997634887695,13.039999961853027
2024-03-21,4.270999908447266,12.920000076293945
2024-03-22,4.2179999351501465,13.0600004196167
2024-03-25,4.252999782562256,13.1899995803833
2024-03-26,4.234000205993652,13.239999771118164
2024-03-27,4.196000099182129,12.779999732971191
2024-03-28,4.205999851226807,13.010000228881836
2024-04-01,4.328999996185303,13.649999618530273
2024-04-02,4.364999771118164,14.609999656677246
2024-04-03,4.355000019073486,14.329999923706055
2024-04-04,4.309000015258789,16.350000381469727
2024-04-05,4.377999782562256,16.030000686645508
2024-04-08,4.423999786376953,15.1899995803833
2024-04-09,4.366000175476074,14.979999542236328
2024-04-10,4.559999942779541,15.800000190734863
2024-04-11,4.576000213623047,14.90999984741211
2024-04-12,4.499000072479248,17.309999465942383
2024-04-15,4.627999782562256,19.229999542236328
2024-04-16,4.658999919891357,18.399999618530273
2024-04-17,4.585000038146973,18.209999084472656
2024-04-18,4.646999835968018,18.0
2024-04-19,4.614999771118164,18.709999084472656
2024-04-22,4.623000144958496,16.940000534057617
2024-04-23,4.5980000495910645,15.6899995803833
2024-04-24,4.6519999504089355,15.970000267028809
2024-04-25,4.705999851226807,15.369999885559082
2024-04-26,4.669000148773193,15.029999732971191
2024-04-29,4.613999843597412,14.670000076293945
2024-04-30,4.685999870300293,15.649999618530273
2024-05-01,4.59499979019165,15.390000343322754
2024-05-02,4.571000099182129,14.680000305175781
2024-05-03,4.5,13.489999771118164
2024-05-06,4.488999843597412,13.489999771118164
2024-05-07,4.4629998207092285,13.229999542236328
2024-05-08,4.492000102996826,13.0
2024-05-09,4.448999881744385,12.6899995803833
2024-05-10,4.504000186920166,12.550000190734863
2024-05-13,4.480999946594238,13.600000381469727
2024-05-14,4.445000171661377,13.420000076293945
2024-05-15,4.355999946594238,12.449999809265137
2024-05-16,4.376999855041504,12.420000076293945
2024-05-17,4.420000076293945,11.989999771118164
2024-05-20,4.436999797821045,12.149999618530273
2024-05-21,4.414000034332275,11.859999656677246
2024-05-22,4.434000015258789,12.289999961853027
2024-05-23,4.474999904632568,12.770000457763672
2024-05-24,4.4670000076293945,11.930000305175781
2024-05-28,4.541999816894531,12.920000076293945
2024-05-29,4.624000072479248,14.279999732971191
2024-05-30,4.553999900817871,14.470000267028809
2024-05-31,4.513999938964844,12.920000076293945
2024-06-03,4.4019999504089355,13.109999656677246
2024-06-04,4.335999965667725,13.15999984741211
2024-06-05,4.289000034332275,12.630000114440918
2024-06-06,4.281000137329102,12.579999923706055
2024-06-07,4.429999828338623,12.220000267028809
2024-06-10,4.468999862670898,12.739999771118164
2024-06-11,4.4039998054504395,12.850000381469727
2024-06-12,4.295000076293945,12.039999961853027
2024-06-13,4.23799991607666,11.9399995803833
2024-06-14,4.2129998207092285,12.65999984741211
2024-06-17,4.2789998054504395,12.75
2024-06-18,4.2170000076293945,12.300000190734863
2024-06-20,4.254000186920166,13.279999732971191
2024-06-21,4.256999969482422,13.199999809265137
2024-06-24,4.248000144958496,13.329999923706055
2024-06-25,4.23799991607666,12.84000015258789
2024-06-26,4.315999984741211,12.550000190734863
2024-06-27,4.288000106811523,12.239999771118164
2024-06-28,4.3429999351501465,12.4399995803833
2024-07-01,4.479000091552734,12.220000267028809
2024-07-02,4.435999870300293,12.029999732971191
2024-07-03,4.355000019073486,12.09000015258789
2024-07-05,4.271999835968018,12.479999542236328
2024-07-08,4.269000053405762,12.369999885559082
2024-07-09,4.300000190734863,12.510000228881836
2024-07-10,4.28000020980835,12.850000381469727
2024-07-11,4.192999839782715,12.920000076293945
2024-07-12,4.189000129699707,12.460000038146973
2024-07-15,4.229000091552734,13.119999885559082
2024-07-16,4.166999816894531,13.1899995803833
2024-07-17,4.145999908447266,14.479999542236328
2024-07-18,4.189000129699707,15.930000305175781
2024-07-19,4.238999843597412,16.520000457763672
2024-07-22,4.260000228881836,14.90999984741211
2024-07-23,4.238999843597412,14.720000267028809
2024-07-24,4.285999774932861,18.040000915527344
2024-07-25,4.25600004196167,18.459999084472656
2024-07-26,4.199999809265137,16.389999389648438
2024-07-29,4.177999973297119,16.600000381469727
2024-07-30,4.14300012588501,17.690000534057617
2024-07-31,4.109000205993652,16.360000610351562
2024-08-01,3.9760000705718994,18.59000015258789
2024-08-02,3.7920000553131104,23.389999389648438
2024-08-05,3.7850000858306885,38.56999969482422
2024-08-06,3.888000011444092,27.709999084472656
2024-08-07,3.9679999351501465,27.850000381469727
2024-08-08,3.996999979019165,23.790000915527344
2024-08-09,3.941999912261963,20.3700008392334
2024-08-12,3.9089999198913574,20.709999084472656
2024-08-13,3.8519999980926514,18.1200008392334
2024-08-14,3.819999933242798,16.190000534057617
2024-08-15,3.9260001182556152,15.229999542236328
2024-08-16,3.8919999599456787,14.800000190734863
2024-08-19,3.867000102996826,14.649999618530273
2024-08-20,3.818000078201294,15.880000114440918
2024-08-21,3.7780001163482666,16.270000457763672
2024-08-22,3.861999988555908,17.549999237060547
2024-08-23,3.806999921798706,15.859999656677246
2024-08-26,3.818000078201294,16.149999618530273
2024-08-27,3.8329999446868896,15.430000305175781
2024-08-28,3.8410000801086426,17.110000610351562
2024-08-29,3.867000102996826,15.649999618530273
2024-08-30,3.9110000133514404,15.0
2024-09-03,3.8440001010894775,20.719999313354492
2024-09-04,3.7679998874664307,21.31999969482422
2024-09-05,3.7309999465942383,19.899999618530273
2024-09-06,3.7100000381469727,22.3799991607666
2024-09-09,3.697000026702881,19.450000762939453
2024-09-10,3.6459999084472656,19.079999923706055
2024-09-11,3.6530001163482666,17.690000534057617
2024-09-12,3.680000066757202,17.06999969482422
2024-09-13,3.6500000953674316,16.559999465942383
2024-09-16,3.621000051498413,17.139999389648438
2024-09-17,3.6419999599456787,17.610000610351562
2024-09-18,3.684999942779541,18.229999542236328
2024-09-19,3.740000009536743,16.329999923706055
2024-09-20,3.7279999256134033,16.149999618530273
2024-09-23,3.739000082015991,15.890000343322754
2024-09-24,3.7360000610351562,15.390000343322754
2024-09-25,3.7809998989105225,15.40999984741211
2024-09-26,3.7909998893737793,15.369999885559082
2024-09-27,3.749000072479248,16.959999084472656
2024-09-30,3.802000045776367,16.729999542236328
2024-10-01,3.743000030517578,19.260000228881836
2024-10-02,3.7850000858306885,18.899999618530273
2024-10-03,3.8499999046325684,20.489999771118164
2024-10-04,3.9809999465942383,19.209999084472656
2024-10-07,4.026000022888184,22.639999389648438
2024-10-08,4.0329999923706055,21.420000076293945
2024-10-09,4.066999912261963,20.860000610351562
2024-10-10,4.0960001945495605,20.93000030517578
2024-10-11,4.072999954223633,20.459999084472656
2024-10-14,4.0980000495910645,19.700000762939453
2024-10-15,4.038000106811523,20.639999389648438
2024-10-16,4.015999794006348,19.579999923706055
2024-10-17,4.0960001945495605,19.110000610351562
2024-10-18,4.072999954223633,18.030000686645508
2024-10-21,4.182000160217285,18.3700008392334
2024-10-22,4.203999996185303,18.200000762939453
2024-10-23,4.242000102996826,19.239999771118164
2024-10-24,4.199999809265137,19.079999923706055
2024-10-25,4.23199987411499,20.329999923706055
2024-10-28,4.2779998779296875,19.799999237060547
2024-10-29,4.27400016784668,19.34000015258789
2024-10-30,4.265999794006348,20.350000381469727
2024-10-31,4.283999919891357,23.15999984741211
2024-11-01,4.361000061035156,21.8799991607666
2024-11-04,4.309000015258789,21.979999542236328
2024-11-05,4.289000034332275,20.489999771118164
2024-11-06,4.426000118255615,16.270000457763672
2024-11-07,4.341000080108643,15.199999809265137
2024-11-08,4.306000232696533,14.9399995803833
2024-11-11,4.308000087738037,14.970000267028809
2024-11-12,4.432000160217285,14.710000038146973
2024-11-13,4.451000213623047,14.020000457763672
2024-11-14,4.418000221252441,14.3100004196167
2024-11-15,4.427999973297119,16.139999389648438
2024-11-18,4.414000034332275,15.579999923706055
2024-11-19,4.379000186920166,16.350000381469727
2024-11-20,4.406000137329102,17.15999984741211
2024-11-21,4.432000160217285,16.8700008392334
2024-11-22,4.409999847412109,15.239999771118164
2024-11-25,4.264999866485596,14.600000381469727
2024-11-26,4.302000045776367,14.100000381469727
2024-11-27,4.242000102996826,14.100000381469727
2024-11-29,4.177999973297119,13.510000228881836
2024-12-02,4.196000099182129,13.34000015258789
2024-12-03,4.2230000495910645,13.300000190734863
2024-12-04,4.179999828338623,13.449999809265137
2024-12-05,4.179999828338623,13.539999961853027
2024-12-06,4.151000022888184,12.770000457763672
2024-12-09,4.198999881744385,14.1899995803833
2024-12-10,4.2210001945495605,14.180000305175781
2024-12-11,4.270999908447266,13.579999923706055
2024-12-12,4.323999881744385,13.920000076293945
2024-12-13,4.39900016784668,13.8100004196167
2024-12-16,4.396999835968018,14.6899995803833
2024-12-17,4.385000228881836,15.869999885559082
2024-12-18,4.49399995803833,27.6200008392334
2024-12-19,4.570000171661377,24.09000015258789
2024-12-20,4.52400016784668,18.360000610351562
2024-12-23,4.598999977111816,16.780000686645508
2024-12-24,4.591000080108643,14.270000457763672
2024-12-26,4.578999996185303,14.729999542236328
2024-12-27,4.61899995803833,15.949999809265137
2024-12-30,4.545000076293945,17.399999618530273
2024-12-31,4.572999954223633,17.350000381469727
2025-01-02,4.574999809265137,17.93000030517578
2025-01-03,4.5960001945495605,16.1299991607666
2025-01-06,4.618000030517578,16.040000915527344
2025-01-07,4.683000087738037,17.81999969482422
2025-01-08,4.692999839782715,17.700000762939453
2025-01-10,4.776000022888184,19.540000915527344
2025-01-13,4.802999973297119,19.190000534057617
2025-01-14,4.788000106811523,18.709999084472656
2025-01-15,4.6529998779296875,16.1200008392334
2025-01-16,4.605999946594238,16.600000381469727
2025-01-17,4.609000205993652,15.970000267028809
2025-01-21,4.573999881744385,15.0600004196167
2025-01-22,4.598999977111816,15.100000381469727
2025-01-23,4.638000011444092,15.020000457763672
2025-01-24,4.625999927520752,14.850000381469727
2025-01-27,4.5279998779296875,17.899999618530273
2025-01-28,4.551000118255615,16.40999984741211
2025-01-29,4.554999828338623,16.559999465942383
2025-01-30,4.51200008392334,15.84000015258789
2025-01-31,4.568999767303467,16.43000030517578
2025-02-03,4.543000221252441,18.6200008392334
2025-02-04,4.513000011444092,17.209999084472656
2025-02-05,4.421999931335449,15.770000457763672
2025-02-06,4.440000057220459,15.5
2025-02-07,4.486999988555908,16.540000915527344
2025-02-10,4.493000030517578,15.8100004196167
2025-02-11,4.5370001792907715,16.020000457763672
2025-02-12,4.63700008392334,15.890000343322754
2025-02-13,4.525000095367432,15.100000381469727
2025-02-14,4.4720001220703125,14.770000457763672
2025-02-18,4.544000148773193,15.350000381469727
2025-02-19,4.534999847412109,15.270000457763672
2025-02-20,4.5,15.65999984741211
2025-02-21,4.420000076293945,18.209999084472656
2025-02-24,4.39300012588501,18.979999542236328
2025-02-25,4.297999858856201,19.43000030517578
2025-02-26,4.249000072479248,19.100000381469727
2025-02-27,4.284999847412109,21.1299991607666
2025-02-28,4.230999946594238,19.6299991607666
2025-03-03,4.179999828338623,22.780000686645508
2025-03-04,4.210000038146973,23.510000228881836
2025-03-05,4.264999866485596,21.93000030517578
2025-03-06,4.285999774932861,24.8700008392334
2025-03-07,4.316999912261963,23.3700008392334
2025-03-10,4.2129998207092285,27.860000610351562
2025-03-11,4.288000106811523,26.920000076293945
2025-03-12,4.317999839782715,24.229999542236328
2025-03-13,4.27400016784668,24.65999984741211
2025-03-14,4.308000087738037,21.770000457763672
2025-03-17,4.306000232696533,20.510000228881836
2025-03-18,4.281000137329102,21.700000762939453
2025-03-19,4.25600004196167,19.899999618530273
2025-03-20,4.232999801635742,19.799999237060547
2025-03-21,4.251999855041504,19.280000686645508
2025-03-24,4.330999851226807,17.479999542236328
2025-03-25,4.307000160217285,17.149999618530273
2025-03-26,4.3379998207092285,18.329999923706055
2025-03-27,4.36899995803833,18.690000534057617
2025-03-28,4.255000114440918,21.649999618530273
2025-03-31,4.245999813079834,22.280000686645508
2025-04-01,4.156000137329102,21.770000457763672
2025-04-02,4.196000099182129,21.510000228881836
2025-04-03,4.054999828338623,30.020000457763672
2025-04-04,3.984999895095825,45.310001373291016
2025-04-07,4.15500020980835,46.97999954223633
2025-04-08,4.26200008392334,52.33000183105469
2025-04-09,4.400000095367432,33.619998931884766
2025-04-10,4.394000053405762,40.720001220703125
2025-04-11,4.493000030517578,37.560001373291016
2025-04-14,4.363999843597412,30.889999389648438
2025-04-15,4.322999954223633,30.1200008392334
2025-04-16,4.2789998054504395,32.63999938964844
2025-04-17,4.333000183105469,29.649999618530273
2025-04-21,4.40500020980835,33.81999969482422
2025-04-22,4.388999938964844,30.56999969482422
2025-04-23,4.38700008392334,28.450000762939453
2025-04-24,4.304999828338623,26.469999313354492
2025-04-25,4.265999794006348,24.84000015258789
2025-04-28,4.216000080108643,25.149999618530273
2025-04-29,4.172999858856201,24.170000076293945
2025-04-30,4.177000045776367,24.700000762939453
2025-05-01,4.230999946594238,24.600000381469727
2025-05-02,4.322000026702881,22.68000030517578
2025-05-05,4.3429999351501465,23.639999389648438
2025-05-06,4.308000087738037,24.760000228881836
2025-05-07,4.275000095367432,23.549999237060547
2025-05-08,4.373000144958496,22.479999542236328
2025-05-09,4.375,21.899999618530273
2025-05-12,4.456999778747559,18.389999389648438
2025-05-13,4.499000072479248,18.219999313354492
2025-05-14,4.5279998779296875,18.6200008392334
2025-05-15,4.454999923706055,17.829999923706055
2025-05-16,4.440999984741211,17.239999771118164
2025-05-19,4.474999904632568,18.139999389648438
2025-05-20,4.480999946594238,18.09000015258789
2025-05-21,4.5960001945495605,20.8700008392334
2025-05-22,4.552999973297119,20.280000686645508
2025-05-23,4.508999824523926,22.290000915527344
2025-05-27,4.434000015258789,18.959999084472656
2025-05-28,4.4770002365112305,19.309999465942383
2025-05-29,4.423999786376953,19.18000030517578
2025-05-30,4.415999889373779,18.56999969482422
2025-06-02,4.461999893188477,18.360000610351562
2025-06-03,4.460000038146973,17.690000534057617
2025-06-04,4.364999771118164,17.610000610351562
2025-06-05,4.394000053405762,18.479999542236328
2025-06-06,4.510000228881836,16.770000457763672
2025-06-09,4.48199987411499,17.15999984741211
2025-06-10,4.473999977111816,16.950000762939453
2025-06-11,4.4120001792907715,17.260000228881836
2025-06-12,4.35699987411499,18.020000457763672
2025-06-13,4.423999786376953,20.81999969482422
2025-06-16,4.452000141143799,19.110000610351562
2025-06-17,4.39300012588501,21.600000381469727
2025-06-18,4.396999835968018,20.139999389648438
2025-06-20,4.375,20.6200008392334
2025-06-23,4.320000171661377,19.829999923706055
2025-06-24,4.293000221252441,17.479999542236328
2025-06-25,4.293000221252441,16.760000228881836
2025-06-26,4.252999782562256,16.59000015258789
2025-06-27,4.2829999923706055,16.31999969482422
2025-06-30,4.230000019073486,16.729999542236328
2025-07-01,4.250999927520752,16.829999923706055
2025-07-02,4.293000221252441,16.639999389648438
2025-07-03,4.3480000495910645,16.3799991607666
2025-07-07,4.394999980926514,17.790000915527344
2025-07-08,4.414999961853027,16.809999465942383
2025-07-09,4.3420000076293945,15.9399995803833
2025-07-10,4.3460001945495605,15.779999732971191
2025-07-11,4.422999858856201,16.399999618530273
2025-07-14,4.427000045776367,17.200000762939453
2025-07-15,4.488999843597412,17.3799991607666
2025-07-16,4.454999923706055,17.15999984741211
2025-07-17,4.4629998207092285,16.520000457763672
2025-07-18,4.432000160217285,16.40999984741211
2025-07-21,4.372000217437744,16.649999618530273
2025-07-22,4.335999965667725,16.5
2025-07-23,4.388000011444092,15.369999885559082
2025-07-24,4.4079999923706055,15.390000343322754
2025-07-25,4.386000156402588,14.930000305175781
2025-07-28,4.420000076293945,15.029999732971191
2025-07-29,4.329999923706055,15.979999542236328
2025-07-30,4.375999927520752,15.479999542236328
2025-07-31,4.360000133514404,16.719999313354492
2025-08-01,4.21999979019165,20.3799991607666
2025-08-04,4.199999809265137,17.520000457763672
2025-08-05,4.196000099182129,17.850000381469727
2025-08-06,4.21999979019165,16.770000457763672
2025-08-07,4.24399995803833,16.56999969482422
2025-08-08,4.284999847412109,15.149999618530273
2025-08-11,4.2729997634887695,16.25
2025-08-12,4.293000221252441,14.729999542236328
2025-08-13,4.23799991607666,14.489999771118164
2025-08-14,4.293000221252441,14.829999923706055
2025-08-15,4.328000068664551,15.09000015258789
2025-08-18,4.341000080108643,14.989999771118164
2025-08-19,4.302000045776367,15.569999694824219
2025-08-20,4.296000003814697,15.6899995803833
2025-08-21,4.329999923706055,16.600000381469727
2025-08-22,4.260000228881836,14.220000267028809
2025-08-25,4.275000095367432,14.789999961853027
2025-08-26,4.257999897003174,14.619999885559082
2025-08-27,4.23799991607666,14.850000381469727
2025-08-28,4.206999778747559,14.430000305175781
2025-08-29,4.2270002365112305,15.359999656677246
2025-09-02,4.2769999504089355,17.170000076293945
2025-09-03,4.210999965667725,16.350000381469727
2025-09-04,4.176000118255615,15.300000190734863
2025-09-05,4.085999965667725,15.180000305175781
2025-09-08,4.046000003814697,15.109999656677246
2025-09-09,4.073999881744385,15.039999961853027
2025-09-10,4.0320000648498535,15.350000381469727
2025-09-11,4.011000156402588,14.710000038146973
2025-09-12,4.060999870300293,14.760000228881836
2025-09-15,4.033999919891357,15.6899995803833
2025-09-16,4.026000022888184,16.360000610351562
2025-09-17,4.076000213623047,15.720000267028809
2025-09-18,4.104000091552734,15.699999809265137
2025-09-19,4.138999938964844,15.449999809265137
2025-09-22,4.14300012588501,16.100000381469727
2025-09-23,4.119999885559082,16.639999389648438
2025-09-24,4.146999835968018,16.18000030517578
2025-09-25,4.171999931335449,16.739999771118164
2025-09-26,4.186999797821045,15.289999961853027
2025-09-29,4.140999794006348,16.1200008392334
2025-09-30,4.1479997634887695,16.280000686645508
2025-10-01,4.105999946594238,16.290000915527344
2025-10-02,4.0879998207092285,16.6299991607666
2025-10-03,4.11899995803833,16.649999618530273
2025-10-06,4.1620001792907715,16.3700008392334
2025-10-07,4.126999855041504,17.239999771118164
2025-10-08,4.129000186920166,16.299999237060547
2025-10-09,4.1479997634887695,16.43000030517578
2025-10-10,4.051000118255615,21.65999984741211
2025-10-13,4.051000118255615,19.030000686645508
2025-10-14,4.021999835968018,20.809999465942383
2025-10-15,4.046000003814697,20.639999389648438
2025-10-16,3.9760000705718994,25.309999465942383
2025-10-17,4.006999969482422,20.780000686645508
2025-10-20,3.9860000610351562,18.229999542236328
2025-10-21,3.9630000591278076,17.8700008392334
2025-10-22,3.953000068664551,18.600000381469727
2025-10-23,3.990999937057495,17.299999237060547
2025-10-24,3.996999979019165,16.3700008392334
2025-10-27,3.996999979019165,15.789999961853027
2025-10-28,3.9830000400543213,16.420000076293945
2025-10-29,4.058000087738037,16.920000076293945
2025-10-30,4.0929999351501465,16.90999984741211
2025-10-31,4.10099983215332,17.440000534057617
2025-11-03,4.105999946594238,17.170000076293945
2025-11-04,4.089000225067139,19.0
2025-11-05,4.1570000648498535,18.010000228881836
2025-11-06,4.0929999351501465,19.5
2025-11-07,4.0929999351501465,19.079999923706055
2025-11-10,4.110000133514404,17.600000381469727
2025-11-11,4.119999885559082,17.280000686645508
2025-11-12,4.065000057220459,17.510000228881836
